{"process_model": "/Users/maksymav/Dev/phd/model-discovery/outputs/20250317_190435_D68BECE5_D47E_44E5_B78D_407805F69A61/best_result/P2P-no-steady-state.bpmn", "gateway_branching_probabilities": [{"gateway_id": "node1", "probabilities": [{"path_id": "edge24", "value": 0.936897458369851}, {"path_id": "edge25", "value": 0.06310254163014899}]}, {"gateway_id": "node5", "probabilities": [{"path_id": "edge15", "value": 0.3938260056127222}, {"path_id": "edge28", "value": 0.6061739943872778}]}, {"gateway_id": "node19", "probabilities": [{"path_id": "edge20", "value": 0.5346954510408636}, {"path_id": "edge21", "value": 0.05319969159599075}, {"path_id": "edge22", "value": 0.4121048573631457}]}, {"gateway_id": "node32", "probabilities": [{"path_id": "edge17", "value": 0.9773755656108597}, {"path_id": "edge18", "value": 0.02262443438914027}]}], "arrival_time_calendar": [{"from": "MONDAY", "to": "MONDAY", "beginTime": "10:00:00", "endTime": "18:00:00"}, {"from": "TUESDAY", "to": "TUESDAY", "beginTime": "10:00:00", "endTime": "18:00:00"}, {"from": "WEDNESDAY", "to": "WEDNESDAY", "beginTime": "10:00:00", "endTime": "18:00:00"}, {"from": "THURSDAY", "to": "THURSDAY", "beginTime": "10:00:00", "endTime": "18:00:00"}, {"from": "FRIDAY", "to": "FRIDAY", "beginTime": "10:00:00", "endTime": "18:00:00"}], "arrival_time_distribution": {"distribution_name": "lognorm", "distribution_params": [{"value": 782.669431051109}, {"value": 443203.8804475953}, {"value": 0.145}, {"value": 6369.669}]}, "resource_profiles": [{"id": "Financial Manager-000001_profile", "name": "Financial Manager-000001_profile", "resource_list": [{"id": "Financial Manager-000001", "name": "Financial Manager-000001", "amount": 1, "cost_per_hour": 20, "calendar": "Financial Manager-000001_profile_calendar", "assignedTasks": ["node2", "node18", "node30", "node25", "node10"]}]}, {"id": "Financial Manager-000002_profile", "name": "Financial Manager-000002_profile", "resource_list": [{"id": "Financial Manager-000002", "name": "Financial Manager-000002", "amount": 1, "cost_per_hour": 20, "calendar": "Financial Manager-000002_profile_calendar", "assignedTasks": ["node10", "node2", "node30", "node25", "node18"]}]}, {"id": "Financial Manager-000003_profile", "name": "Financial Manager-000003_profile", "resource_list": [{"id": "Financial Manager-000003", "name": "Financial Manager-000003", "amount": 1, "cost_per_hour": 20, "calendar": "Financial Manager-000003_profile_calendar", "assignedTasks": ["node25", "node10", "node2", "node18", "node30"]}]}, {"id": "Financial Manager-000004_profile", "name": "Financial Manager-000004_profile", "resource_list": [{"id": "Financial Manager-000004", "name": "Financial Manager-000004", "amount": 1, "cost_per_hour": 20, "calendar": "Financial Manager-000004_profile_calendar", "assignedTasks": ["node30", "node25", "node10", "node2", "node18"]}]}, {"id": "Purchasing Agent-000001_profile", "name": "Purchasing Agent-000001_profile", "resource_list": [{"id": "Purchasing Agent-000001", "name": "Purchasing Agent-000001", "amount": 1, "cost_per_hour": 20, "calendar": "Purchasing Agent-000001_profile_calendar", "assignedTasks": ["node14", "node13", "node11", "node17", "node23", "node21", "node31"]}]}, {"id": "Purchasing Agent-000002_profile", "name": "Purchasing Agent-000002_profile", "resource_list": [{"id": "Purchasing Agent-000002", "name": "Purchasing Agent-000002", "amount": 1, "cost_per_hour": 20, "calendar": "Purchasing Agent-000002_profile_calendar", "assignedTasks": ["node14", "node13", "node23", "node11", "node21", "node17", "node31"]}]}, {"id": "Purchasing Agent-000003_profile", "name": "Purchasing Agent-000003_profile", "resource_list": [{"id": "Purchasing Agent-000003", "name": "Purchasing Agent-000003", "amount": 1, "cost_per_hour": 20, "calendar": "Purchasing Agent-000003_profile_calendar", "assignedTasks": ["node14", "node17", "node11", "node23", "node31", "node13", "node21"]}]}, {"id": "Purchasing Agent-000004_profile", "name": "Purchasing Agent-000004_profile", "resource_list": [{"id": "Purchasing Agent-000004", "name": "Purchasing Agent-000004", "amount": 1, "cost_per_hour": 20, "calendar": "Purchasing Agent-000004_profile_calendar", "assignedTasks": ["node17", "node14", "node23", "node13", "node11", "node21", "node31"]}]}, {"id": "Purchasing Agent-000005_profile", "name": "Purchasing Agent-000005_profile", "resource_list": [{"id": "Purchasing Agent-000005", "name": "Purchasing Agent-000005", "amount": 1, "cost_per_hour": 20, "calendar": "Purchasing Agent-000005_profile_calendar", "assignedTasks": ["node11", "node14", "node23", "node21", "node17", "node13", "node31"]}]}, {"id": "Purchasing Agent-000006_profile", "name": "Purchasing Agent-000006_profile", "resource_list": [{"id": "Purchasing Agent-000006", "name": "Purchasing Agent-000006", "amount": 1, "cost_per_hour": 20, "calendar": "Purchasing Agent-000006_profile_calendar", "assignedTasks": ["node17", "node11", "node14", "node23", "node21", "node13", "node31"]}]}, {"id": "Purchasing Agent-000007_profile", "name": "Purchasing Agent-000007_profile", "resource_list": [{"id": "Purchasing Agent-000007", "name": "Purchasing Agent-000007", "amount": 1, "cost_per_hour": 20, "calendar": "Purchasing Agent-000007_profile_calendar", "assignedTasks": ["node11", "node14", "node13", "node23", "node21", "node17", "node31"]}]}, {"id": "Purchasing Agent-000008_profile", "name": "Purchasing Agent-000008_profile", "resource_list": [{"id": "Purchasing Agent-000008", "name": "Purchasing Agent-000008", "amount": 1, "cost_per_hour": 20, "calendar": "Purchasing Agent-000008_profile_calendar", "assignedTasks": ["node14", "node17", "node23", "node13", "node21", "node11"]}]}, {"id": "Purchasing Agent-000009_profile", "name": "Purchasing Agent-000009_profile", "resource_list": [{"id": "Purchasing Agent-000009", "name": "Purchasing Agent-000009", "amount": 1, "cost_per_hour": 20, "calendar": "Purchasing Agent-000009_profile_calendar", "assignedTasks": ["node23", "node14", "node17", "node13", "node21", "node11", "node31"]}]}, {"id": "Purchasing Agent-000010_profile", "name": "Purchasing Agent-000010_profile", "resource_list": [{"id": "Purchasing Agent-000010", "name": "Purchasing Agent-000010", "amount": 1, "cost_per_hour": 20, "calendar": "Purchasing Agent-000010_profile_calendar", "assignedTasks": ["node14", "node23", "node17", "node13", "node21", "node11", "node31"]}]}, {"id": "Purchasing Agent-000011_profile", "name": "Purchasing Agent-000011_profile", "resource_list": [{"id": "Purchasing Agent-000011", "name": "Purchasing Agent-000011", "amount": 1, "cost_per_hour": 20, "calendar": "Purchasing Agent-000011_profile_calendar", "assignedTasks": ["node14", "node11", "node21", "node13", "node17", "node23", "node31"]}]}, {"id": "Purchasing Agent-000012_profile", "name": "Purchasing Agent-000012_profile", "resource_list": [{"id": "Purchasing Agent-000012", "name": "Purchasing Agent-000012", "amount": 1, "cost_per_hour": 20, "calendar": "Purchasing Agent-000012_profile_calendar", "assignedTasks": ["node14", "node23", "node11", "node17", "node21", "node13", "node31"]}]}, {"id": "Purchasing Agent-000013_profile", "name": "Purchasing Agent-000013_profile", "resource_list": [{"id": "Purchasing Agent-000013", "name": "Purchasing Agent-000013", "amount": 1, "cost_per_hour": 20, "calendar": "Purchasing Agent-000013_profile_calendar", "assignedTasks": ["node17", "node14", "node23", "node13", "node11", "node21", "node31"]}]}, {"id": "Purchasing Agent-000014_profile", "name": "Purchasing Agent-000014_profile", "resource_list": [{"id": "Purchasing Agent-000014", "name": "Purchasing Agent-000014", "amount": 1, "cost_per_hour": 20, "calendar": "Purchasing Agent-000014_profile_calendar", "assignedTasks": ["node14", "node23", "node21", "node31", "node13", "node17", "node11"]}]}, {"id": "Purchasing Agent-000015_profile", "name": "Purchasing Agent-000015_profile", "resource_list": [{"id": "Purchasing Agent-000015", "name": "Purchasing Agent-000015", "amount": 1, "cost_per_hour": 20, "calendar": "Purchasing Agent-000015_profile_calendar", "assignedTasks": ["node11", "node14", "node21", "node23", "node17", "node13", "node31"]}]}, {"id": "Purchasing Agent-000016_profile", "name": "Purchasing Agent-000016_profile", "resource_list": [{"id": "Purchasing Agent-000016", "name": "Purchasing Agent-000016", "amount": 1, "cost_per_hour": 20, "calendar": "Purchasing Agent-000016_profile_calendar", "assignedTasks": ["node23", "node11", "node13", "node14", "node17", "node21", "node31"]}]}, {"id": "Purchasing Agent-000017_profile", "name": "Purchasing Agent-000017_profile", "resource_list": [{"id": "Purchasing Agent-000017", "name": "Purchasing Agent-000017", "amount": 1, "cost_per_hour": 20, "calendar": "Purchasing Agent-000017_profile_calendar", "assignedTasks": ["node14", "node17", "node23", "node11", "node13", "node21", "node31"]}]}, {"id": "Purchasing Agent-000018_profile", "name": "Purchasing Agent-000018_profile", "resource_list": [{"id": "Purchasing Agent-000018", "name": "Purchasing Agent-000018", "amount": 1, "cost_per_hour": 20, "calendar": "Purchasing Agent-000018_profile_calendar", "assignedTasks": ["node17", "node23", "node14", "node11", "node21", "node13", "node31"]}]}, {"id": "Purchasing Agent-000019_profile", "name": "Purchasing Agent-000019_profile", "resource_list": [{"id": "Purchasing Agent-000019", "name": "Purchasing Agent-000019", "amount": 1, "cost_per_hour": 20, "calendar": "Purchasing Agent-000019_profile_calendar", "assignedTasks": ["node14", "node21", "node17", "node23", "node13", "node11", "node31"]}]}, {"id": "Purchasing Agent-000020_profile", "name": "Purchasing Agent-000020_profile", "resource_list": [{"id": "Purchasing Agent-000020", "name": "Purchasing Agent-000020", "amount": 1, "cost_per_hour": 20, "calendar": "Purchasing Agent-000020_profile_calendar", "assignedTasks": ["node11", "node17", "node14", "node13", "node23", "node21", "node31"]}]}, {"id": "Purchasing Agent-000021_profile", "name": "Purchasing Agent-000021_profile", "resource_list": [{"id": "Purchasing Agent-000021", "name": "Purchasing Agent-000021", "amount": 1, "cost_per_hour": 20, "calendar": "Purchasing Agent-000021_profile_calendar", "assignedTasks": ["node23", "node14", "node21", "node17", "node13", "node11", "node31"]}]}, {"id": "Purchasing Agent-000022_profile", "name": "Purchasing Agent-000022_profile", "resource_list": [{"id": "Purchasing Agent-000022", "name": "Purchasing Agent-000022", "amount": 1, "cost_per_hour": 20, "calendar": "Purchasing Agent-000022_profile_calendar", "assignedTasks": ["node14", "node17", "node11", "node21", "node13", "node23", "node31"]}]}, {"id": "Purchasing Manager-000001_profile", "name": "Purchasing Manager-000001_profile", "resource_list": [{"id": "Purchasing Manager-000001", "name": "Purchasing Manager-000001", "amount": 1, "cost_per_hour": 20, "calendar": "Purchasing Manager-000001_profile_calendar", "assignedTasks": ["node28"]}]}, {"id": "Purchasing Manager-000002_profile", "name": "Purchasing Manager-000002_profile", "resource_list": [{"id": "Purchasing Manager-000002", "name": "Purchasing Manager-000002", "amount": 1, "cost_per_hour": 20, "calendar": "Purchasing Manager-000002_profile_calendar", "assignedTasks": ["node28"]}]}, {"id": "Purchasing Manager-000003_profile", "name": "Purchasing Manager-000003_profile", "resource_list": [{"id": "Purchasing Manager-000003", "name": "Purchasing Manager-000003", "amount": 1, "cost_per_hour": 20, "calendar": "Purchasing Manager-000003_profile_calendar", "assignedTasks": ["node28"]}]}, {"id": "Purchasing Manager-000004_profile", "name": "Purchasing Manager-000004_profile", "resource_list": [{"id": "Purchasing Manager-000004", "name": "Purchasing Manager-000004", "amount": 1, "cost_per_hour": 20, "calendar": "Purchasing Manager-000004_profile_calendar", "assignedTasks": ["node28"]}]}, {"id": "Purchasing Manager-000005_profile", "name": "Purchasing Manager-000005_profile", "resource_list": [{"id": "Purchasing Manager-000005", "name": "Purchasing Manager-000005", "amount": 1, "cost_per_hour": 20, "calendar": "Purchasing Manager-000005_profile_calendar", "assignedTasks": ["node28"]}]}, {"id": "Purchasing Manager-000006_profile", "name": "Purchasing Manager-000006_profile", "resource_list": [{"id": "Purchasing Manager-000006", "name": "Purchasing Manager-000006", "amount": 1, "cost_per_hour": 20, "calendar": "Purchasing Manager-000006_profile_calendar", "assignedTasks": ["node28"]}]}, {"id": "Purchasing Manager-000007_profile", "name": "Purchasing Manager-000007_profile", "resource_list": [{"id": "Purchasing Manager-000007", "name": "Purchasing Manager-000007", "amount": 1, "cost_per_hour": 20, "calendar": "Purchasing Manager-000007_profile_calendar", "assignedTasks": ["node28"]}]}, {"id": "Purchasing Manager-000008_profile", "name": "Purchasing Manager-000008_profile", "resource_list": [{"id": "Purchasing Manager-000008", "name": "Purchasing Manager-000008", "amount": 1, "cost_per_hour": 20, "calendar": "Purchasing Manager-000008_profile_calendar", "assignedTasks": ["node28"]}]}, {"id": "Purchasing Manager-000009_profile", "name": "Purchasing Manager-000009_profile", "resource_list": [{"id": "Purchasing Manager-000009", "name": "Purchasing Manager-000009", "amount": 1, "cost_per_hour": 20, "calendar": "Purchasing Manager-000009_profile_calendar", "assignedTasks": ["node28"]}]}, {"id": "Purchasing Manager-000010_profile", "name": "Purchasing Manager-000010_profile", "resource_list": [{"id": "Purchasing Manager-000010", "name": "Purchasing Manager-000010", "amount": 1, "cost_per_hour": 20, "calendar": "Purchasing Manager-000010_profile_calendar", "assignedTasks": ["node28"]}]}, {"id": "Purchasing Manager-000011_profile", "name": "Purchasing Manager-000011_profile", "resource_list": [{"id": "Purchasing Manager-000011", "name": "Purchasing Manager-000011", "amount": 1, "cost_per_hour": 20, "calendar": "Purchasing Manager-000011_profile_calendar", "assignedTasks": ["node28"]}]}, {"id": "Purchasing Manager-000012_profile", "name": "Purchasing Manager-000012_profile", "resource_list": [{"id": "Purchasing Manager-000012", "name": "Purchasing Manager-000012", "amount": 1, "cost_per_hour": 20, "calendar": "Purchasing Manager-000012_profile_calendar", "assignedTasks": ["node28"]}]}, {"id": "Requester Manager-000001_profile", "name": "Requester Manager-000001_profile", "resource_list": [{"id": "Requester Manager-000001", "name": "Requester Manager-000001", "amount": 1, "cost_per_hour": 20, "calendar": "Requester Manager-000001_profile_calendar", "assignedTasks": ["node6", "node8", "node15", "node24"]}]}, {"id": "Requester Manager-000002_profile", "name": "Requester Manager-000002_profile", "resource_list": [{"id": "Requester Manager-000002", "name": "Requester Manager-000002", "amount": 1, "cost_per_hour": 20, "calendar": "Requester Manager-000002_profile_calendar", "assignedTasks": ["node6", "node8", "node15", "node24"]}]}, {"id": "Requester Manager-000003_profile", "name": "Requester Manager-000003_profile", "resource_list": [{"id": "Requester Manager-000003", "name": "Requester Manager-000003", "amount": 1, "cost_per_hour": 20, "calendar": "Requester Manager-000003_profile_calendar", "assignedTasks": ["node6", "node8", "node15", "node24"]}]}, {"id": "Requester-000001_profile", "name": "Requester-000001_profile", "resource_list": [{"id": "Requester-000001", "name": "Requester-000001", "amount": 1, "cost_per_hour": 20, "calendar": "Requester-000001_profile_calendar", "assignedTasks": ["node29", "node22", "node3", "node7", "node4", "node26"]}]}, {"id": "Requester-000002_profile", "name": "Requester-000002_profile", "resource_list": [{"id": "Requester-000002", "name": "Requester-000002", "amount": 1, "cost_per_hour": 20, "calendar": "Requester-000002_profile_calendar", "assignedTasks": ["node29", "node3", "node7", "node22", "node4", "node26"]}]}, {"id": "Requester-000003_profile", "name": "Requester-000003_profile", "resource_list": [{"id": "Requester-000003", "name": "Requester-000003", "amount": 1, "cost_per_hour": 20, "calendar": "Requester-000003_profile_calendar", "assignedTasks": ["node26", "node29", "node7", "node3", "node22", "node4"]}]}, {"id": "Requester-000004_profile", "name": "Requester-000004_profile", "resource_list": [{"id": "Requester-000004", "name": "Requester-000004", "amount": 1, "cost_per_hour": 20, "calendar": "Requester-000004_profile_calendar", "assignedTasks": ["node29", "node3", "node4", "node7", "node22", "node26"]}]}, {"id": "Supplier-000001_profile", "name": "Supplier-000001_profile", "resource_list": [{"id": "Supplier-000001", "name": "Supplier-000001", "amount": 1, "cost_per_hour": 20, "calendar": "Supplier-000001_profile_calendar", "assignedTasks": ["node9"]}]}], "resource_calendars": [{"id": "Financial Manager-000001_profile_calendar", "name": "Financial Manager-000001_profile_calendar", "time_periods": [{"from": "MONDAY", "to": "MONDAY", "beginTime": "10:00:00", "endTime": "18:00:00"}, {"from": "TUESDAY", "to": "TUESDAY", "beginTime": "10:00:00", "endTime": "18:00:00"}, {"from": "WEDNESDAY", "to": "WEDNESDAY", "beginTime": "10:00:00", "endTime": "18:00:00"}, {"from": "THURSDAY", "to": "THURSDAY", "beginTime": "10:00:00", "endTime": "18:00:00"}, {"from": "FRIDAY", "to": "FRIDAY", "beginTime": "10:00:00", "endTime": "18:00:00"}]}, {"id": "Financial Manager-000002_profile_calendar", "name": "Financial Manager-000002_profile_calendar", "time_periods": [{"from": "MONDAY", "to": "MONDAY", "beginTime": "10:00:00", "endTime": "18:00:00"}, {"from": "TUESDAY", "to": "TUESDAY", "beginTime": "10:00:00", "endTime": "18:00:00"}, {"from": "WEDNESDAY", "to": "WEDNESDAY", "beginTime": "10:00:00", "endTime": "18:00:00"}, {"from": "THURSDAY", "to": "THURSDAY", "beginTime": "10:00:00", "endTime": "18:00:00"}, {"from": "FRIDAY", "to": "FRIDAY", "beginTime": "10:00:00", "endTime": "18:00:00"}]}, {"id": "Financial Manager-000003_profile_calendar", "name": "Financial Manager-000003_profile_calendar", "time_periods": [{"from": "MONDAY", "to": "MONDAY", "beginTime": "10:00:00", "endTime": "18:00:00"}, {"from": "TUESDAY", "to": "TUESDAY", "beginTime": "10:00:00", "endTime": "14:00:00"}, {"from": "TUESDAY", "to": "TUESDAY", "beginTime": "15:00:00", "endTime": "18:00:00"}, {"from": "WEDNESDAY", "to": "WEDNESDAY", "beginTime": "10:00:00", "endTime": "18:00:00"}, {"from": "THURSDAY", "to": "THURSDAY", "beginTime": "10:00:00", "endTime": "18:00:00"}, {"from": "FRIDAY", "to": "FRIDAY", "beginTime": "10:00:00", "endTime": "18:00:00"}]}, {"id": "Financial Manager-000004_profile_calendar", "name": "Financial Manager-000004_profile_calendar", "time_periods": [{"from": "MONDAY", "to": "MONDAY", "beginTime": "10:00:00", "endTime": "18:00:00"}, {"from": "TUESDAY", "to": "TUESDAY", "beginTime": "10:00:00", "endTime": "18:00:00"}, {"from": "WEDNESDAY", "to": "WEDNESDAY", "beginTime": "10:00:00", "endTime": "18:00:00"}, {"from": "THURSDAY", "to": "THURSDAY", "beginTime": "10:00:00", "endTime": "18:00:00"}, {"from": "FRIDAY", "to": "FRIDAY", "beginTime": "10:00:00", "endTime": "18:00:00"}]}, {"id": "Purchasing Agent-000001_profile_calendar", "name": "Purchasing Agent-000001_profile_calendar", "time_periods": [{"from": "MONDAY", "to": "MONDAY", "beginTime": "10:00:00", "endTime": "14:00:00"}, {"from": "TUESDAY", "to": "TUESDAY", "beginTime": "10:00:00", "endTime": "11:00:00"}, {"from": "TUESDAY", "to": "TUESDAY", "beginTime": "13:00:00", "endTime": "18:00:00"}, {"from": "WEDNESDAY", "to": "WEDNESDAY", "beginTime": "10:00:00", "endTime": "11:00:00"}, {"from": "THURSDAY", "to": "THURSDAY", "beginTime": "11:00:00", "endTime": "12:00:00"}, {"from": "THURSDAY", "to": "THURSDAY", "beginTime": "16:00:00", "endTime": "17:00:00"}, {"from": "FRIDAY", "to": "FRIDAY", "beginTime": "10:00:00", "endTime": "11:00:00"}, {"from": "FRIDAY", "to": "FRIDAY", "beginTime": "13:00:00", "endTime": "14:00:00"}, {"from": "FRIDAY", "to": "FRIDAY", "beginTime": "17:00:00", "endTime": "18:00:00"}]}, {"id": "Purchasing Agent-000002_profile_calendar", "name": "Purchasing Agent-000002_profile_calendar", "time_periods": [{"from": "MONDAY", "to": "MONDAY", "beginTime": "13:00:00", "endTime": "15:00:00"}, {"from": "MONDAY", "to": "MONDAY", "beginTime": "17:00:00", "endTime": "18:00:00"}, {"from": "TUESDAY", "to": "TUESDAY", "beginTime": "10:00:00", "endTime": "11:00:00"}, {"from": "TUESDAY", "to": "TUESDAY", "beginTime": "13:00:00", "endTime": "14:00:00"}, {"from": "WEDNESDAY", "to": "WEDNESDAY", "beginTime": "12:00:00", "endTime": "13:00:00"}, {"from": "WEDNESDAY", "to": "WEDNESDAY", "beginTime": "14:00:00", "endTime": "17:00:00"}, {"from": "THURSDAY", "to": "THURSDAY", "beginTime": "10:00:00", "endTime": "13:00:00"}, {"from": "THURSDAY", "to": "THURSDAY", "beginTime": "14:00:00", "endTime": "16:00:00"}, {"from": "THURSDAY", "to": "THURSDAY", "beginTime": "17:00:00", "endTime": "18:00:00"}, {"from": "FRIDAY", "to": "FRIDAY", "beginTime": "10:00:00", "endTime": "11:00:00"}, {"from": "FRIDAY", "to": "FRIDAY", "beginTime": "16:00:00", "endTime": "18:00:00"}]}, {"id": "Purchasing Agent-000003_profile_calendar", "name": "Purchasing Agent-000003_profile_calendar", "time_periods": [{"from": "MONDAY", "to": "MONDAY", "beginTime": "15:00:00", "endTime": "18:00:00"}, {"from": "TUESDAY", "to": "TUESDAY", "beginTime": "11:00:00", "endTime": "14:00:00"}, {"from": "WEDNESDAY", "to": "WEDNESDAY", "beginTime": "11:00:00", "endTime": "13:00:00"}, {"from": "WEDNESDAY", "to": "WEDNESDAY", "beginTime": "16:00:00", "endTime": "17:00:00"}, {"from": "THURSDAY", "to": "THURSDAY", "beginTime": "10:00:00", "endTime": "11:00:00"}, {"from": "THURSDAY", "to": "THURSDAY", "beginTime": "14:00:00", "endTime": "17:00:00"}, {"from": "FRIDAY", "to": "FRIDAY", "beginTime": "10:00:00", "endTime": "12:00:00"}]}, {"id": "Purchasing Agent-000004_profile_calendar", "name": "Purchasing Agent-000004_profile_calendar", "time_periods": [{"from": "MONDAY", "to": "MONDAY", "beginTime": "13:00:00", "endTime": "15:00:00"}, {"from": "TUESDAY", "to": "TUESDAY", "beginTime": "11:00:00", "endTime": "12:00:00"}, {"from": "TUESDAY", "to": "TUESDAY", "beginTime": "13:00:00", "endTime": "18:00:00"}, {"from": "WEDNESDAY", "to": "WEDNESDAY", "beginTime": "10:00:00", "endTime": "14:00:00"}, {"from": "WEDNESDAY", "to": "WEDNESDAY", "beginTime": "16:00:00", "endTime": "18:00:00"}, {"from": "THURSDAY", "to": "THURSDAY", "beginTime": "12:00:00", "endTime": "13:00:00"}, {"from": "THURSDAY", "to": "THURSDAY", "beginTime": "14:00:00", "endTime": "16:00:00"}, {"from": "THURSDAY", "to": "THURSDAY", "beginTime": "17:00:00", "endTime": "18:00:00"}, {"from": "FRIDAY", "to": "FRIDAY", "beginTime": "12:00:00", "endTime": "13:00:00"}, {"from": "FRIDAY", "to": "FRIDAY", "beginTime": "15:00:00", "endTime": "16:00:00"}]}, {"id": "Purchasing Agent-000005_profile_calendar", "name": "Purchasing Agent-000005_profile_calendar", "time_periods": [{"from": "MONDAY", "to": "MONDAY", "beginTime": "11:00:00", "endTime": "18:00:00"}, {"from": "TUESDAY", "to": "TUESDAY", "beginTime": "14:00:00", "endTime": "15:00:00"}, {"from": "TUESDAY", "to": "TUESDAY", "beginTime": "16:00:00", "endTime": "17:00:00"}, {"from": "WEDNESDAY", "to": "WEDNESDAY", "beginTime": "10:00:00", "endTime": "11:00:00"}, {"from": "WEDNESDAY", "to": "WEDNESDAY", "beginTime": "17:00:00", "endTime": "18:00:00"}, {"from": "THURSDAY", "to": "THURSDAY", "beginTime": "10:00:00", "endTime": "13:00:00"}, {"from": "FRIDAY", "to": "FRIDAY", "beginTime": "11:00:00", "endTime": "12:00:00"}, {"from": "FRIDAY", "to": "FRIDAY", "beginTime": "14:00:00", "endTime": "15:00:00"}, {"from": "FRIDAY", "to": "FRIDAY", "beginTime": "17:00:00", "endTime": "18:00:00"}]}, {"id": "Purchasing Agent-000006_profile_calendar", "name": "Purchasing Agent-000006_profile_calendar", "time_periods": [{"from": "MONDAY", "to": "MONDAY", "beginTime": "10:00:00", "endTime": "15:00:00"}, {"from": "MONDAY", "to": "MONDAY", "beginTime": "16:00:00", "endTime": "17:00:00"}, {"from": "TUESDAY", "to": "TUESDAY", "beginTime": "14:00:00", "endTime": "18:00:00"}, {"from": "WEDNESDAY", "to": "WEDNESDAY", "beginTime": "11:00:00", "endTime": "17:00:00"}, {"from": "THURSDAY", "to": "THURSDAY", "beginTime": "10:00:00", "endTime": "12:00:00"}, {"from": "THURSDAY", "to": "THURSDAY", "beginTime": "13:00:00", "endTime": "18:00:00"}, {"from": "FRIDAY", "to": "FRIDAY", "beginTime": "13:00:00", "endTime": "18:00:00"}]}, {"id": "Purchasing Agent-000007_profile_calendar", "name": "Purchasing Agent-000007_profile_calendar", "time_periods": [{"from": "MONDAY", "to": "MONDAY", "beginTime": "12:00:00", "endTime": "16:00:00"}, {"from": "TUESDAY", "to": "TUESDAY", "beginTime": "14:00:00", "endTime": "15:00:00"}, {"from": "TUESDAY", "to": "TUESDAY", "beginTime": "17:00:00", "endTime": "18:00:00"}, {"from": "WEDNESDAY", "to": "WEDNESDAY", "beginTime": "10:00:00", "endTime": "11:00:00"}, {"from": "THURSDAY", "to": "THURSDAY", "beginTime": "11:00:00", "endTime": "13:00:00"}, {"from": "FRIDAY", "to": "FRIDAY", "beginTime": "10:00:00", "endTime": "11:00:00"}, {"from": "FRIDAY", "to": "FRIDAY", "beginTime": "14:00:00", "endTime": "16:00:00"}]}, {"id": "Purchasing Agent-000008_profile_calendar", "name": "Purchasing Agent-000008_profile_calendar", "time_periods": [{"from": "MONDAY", "to": "MONDAY", "beginTime": "10:00:00", "endTime": "15:00:00"}, {"from": "MONDAY", "to": "MONDAY", "beginTime": "17:00:00", "endTime": "18:00:00"}, {"from": "TUESDAY", "to": "TUESDAY", "beginTime": "10:00:00", "endTime": "11:00:00"}, {"from": "TUESDAY", "to": "TUESDAY", "beginTime": "15:00:00", "endTime": "16:00:00"}, {"from": "WEDNESDAY", "to": "WEDNESDAY", "beginTime": "11:00:00", "endTime": "12:00:00"}, {"from": "WEDNESDAY", "to": "WEDNESDAY", "beginTime": "15:00:00", "endTime": "18:00:00"}, {"from": "THURSDAY", "to": "THURSDAY", "beginTime": "13:00:00", "endTime": "18:00:00"}, {"from": "FRIDAY", "to": "FRIDAY", "beginTime": "13:00:00", "endTime": "16:00:00"}, {"from": "FRIDAY", "to": "FRIDAY", "beginTime": "17:00:00", "endTime": "18:00:00"}]}, {"id": "Purchasing Agent-000009_profile_calendar", "name": "Purchasing Agent-000009_profile_calendar", "time_periods": [{"from": "MONDAY", "to": "MONDAY", "beginTime": "13:00:00", "endTime": "16:00:00"}, {"from": "MONDAY", "to": "MONDAY", "beginTime": "17:00:00", "endTime": "18:00:00"}, {"from": "TUESDAY", "to": "TUESDAY", "beginTime": "10:00:00", "endTime": "13:00:00"}, {"from": "TUESDAY", "to": "TUESDAY", "beginTime": "14:00:00", "endTime": "16:00:00"}, {"from": "WEDNESDAY", "to": "WEDNESDAY", "beginTime": "16:00:00", "endTime": "18:00:00"}, {"from": "THURSDAY", "to": "THURSDAY", "beginTime": "10:00:00", "endTime": "14:00:00"}, {"from": "FRIDAY", "to": "FRIDAY", "beginTime": "13:00:00", "endTime": "14:00:00"}, {"from": "FRIDAY", "to": "FRIDAY", "beginTime": "16:00:00", "endTime": "18:00:00"}]}, {"id": "Purchasing Agent-000010_profile_calendar", "name": "Purchasing Agent-000010_profile_calendar", "time_periods": [{"from": "MONDAY", "to": "MONDAY", "beginTime": "10:00:00", "endTime": "17:00:00"}, {"from": "TUESDAY", "to": "TUESDAY", "beginTime": "11:00:00", "endTime": "15:00:00"}, {"from": "TUESDAY", "to": "TUESDAY", "beginTime": "16:00:00", "endTime": "17:00:00"}, {"from": "WEDNESDAY", "to": "WEDNESDAY", "beginTime": "11:00:00", "endTime": "12:00:00"}, {"from": "WEDNESDAY", "to": "WEDNESDAY", "beginTime": "14:00:00", "endTime": "15:00:00"}, {"from": "WEDNESDAY", "to": "WEDNESDAY", "beginTime": "17:00:00", "endTime": "18:00:00"}, {"from": "THURSDAY", "to": "THURSDAY", "beginTime": "13:00:00", "endTime": "15:00:00"}, {"from": "FRIDAY", "to": "FRIDAY", "beginTime": "11:00:00", "endTime": "12:00:00"}, {"from": "FRIDAY", "to": "FRIDAY", "beginTime": "14:00:00", "endTime": "16:00:00"}]}, {"id": "Purchasing Agent-000011_profile_calendar", "name": "Purchasing Agent-000011_profile_calendar", "time_periods": [{"from": "MONDAY", "to": "MONDAY", "beginTime": "12:00:00", "endTime": "13:00:00"}, {"from": "MONDAY", "to": "MONDAY", "beginTime": "17:00:00", "endTime": "18:00:00"}, {"from": "TUESDAY", "to": "TUESDAY", "beginTime": "13:00:00", "endTime": "14:00:00"}, {"from": "TUESDAY", "to": "TUESDAY", "beginTime": "17:00:00", "endTime": "18:00:00"}, {"from": "WEDNESDAY", "to": "WEDNESDAY", "beginTime": "12:00:00", "endTime": "15:00:00"}, {"from": "THURSDAY", "to": "THURSDAY", "beginTime": "12:00:00", "endTime": "14:00:00"}, {"from": "THURSDAY", "to": "THURSDAY", "beginTime": "15:00:00", "endTime": "18:00:00"}, {"from": "FRIDAY", "to": "FRIDAY", "beginTime": "14:00:00", "endTime": "15:00:00"}]}, {"id": "Purchasing Agent-000012_profile_calendar", "name": "Purchasing Agent-000012_profile_calendar", "time_periods": [{"from": "MONDAY", "to": "MONDAY", "beginTime": "10:00:00", "endTime": "14:00:00"}, {"from": "MONDAY", "to": "MONDAY", "beginTime": "16:00:00", "endTime": "17:00:00"}, {"from": "TUESDAY", "to": "TUESDAY", "beginTime": "10:00:00", "endTime": "15:00:00"}, {"from": "TUESDAY", "to": "TUESDAY", "beginTime": "17:00:00", "endTime": "18:00:00"}, {"from": "WEDNESDAY", "to": "WEDNESDAY", "beginTime": "10:00:00", "endTime": "14:00:00"}, {"from": "WEDNESDAY", "to": "WEDNESDAY", "beginTime": "16:00:00", "endTime": "17:00:00"}, {"from": "THURSDAY", "to": "THURSDAY", "beginTime": "13:00:00", "endTime": "14:00:00"}, {"from": "THURSDAY", "to": "THURSDAY", "beginTime": "17:00:00", "endTime": "18:00:00"}, {"from": "FRIDAY", "to": "FRIDAY", "beginTime": "12:00:00", "endTime": "14:00:00"}, {"from": "FRIDAY", "to": "FRIDAY", "beginTime": "15:00:00", "endTime": "18:00:00"}]}, {"id": "Purchasing Agent-000013_profile_calendar", "name": "Purchasing Agent-000013_profile_calendar", "time_periods": [{"from": "MONDAY", "to": "MONDAY", "beginTime": "10:00:00", "endTime": "12:00:00"}, {"from": "MONDAY", "to": "MONDAY", "beginTime": "13:00:00", "endTime": "14:00:00"}, {"from": "MONDAY", "to": "MONDAY", "beginTime": "16:00:00", "endTime": "17:00:00"}, {"from": "TUESDAY", "to": "TUESDAY", "beginTime": "13:00:00", "endTime": "16:00:00"}, {"from": "TUESDAY", "to": "TUESDAY", "beginTime": "17:00:00", "endTime": "18:00:00"}, {"from": "WEDNESDAY", "to": "WEDNESDAY", "beginTime": "10:00:00", "endTime": "11:00:00"}, {"from": "WEDNESDAY", "to": "WEDNESDAY", "beginTime": "15:00:00", "endTime": "18:00:00"}, {"from": "THURSDAY", "to": "THURSDAY", "beginTime": "11:00:00", "endTime": "12:00:00"}, {"from": "THURSDAY", "to": "THURSDAY", "beginTime": "15:00:00", "endTime": "17:00:00"}, {"from": "FRIDAY", "to": "FRIDAY", "beginTime": "15:00:00", "endTime": "18:00:00"}]}, {"id": "Purchasing Agent-000014_profile_calendar", "name": "Purchasing Agent-000014_profile_calendar", "time_periods": [{"from": "MONDAY", "to": "MONDAY", "beginTime": "10:00:00", "endTime": "11:00:00"}, {"from": "MONDAY", "to": "MONDAY", "beginTime": "14:00:00", "endTime": "17:00:00"}, {"from": "TUESDAY", "to": "TUESDAY", "beginTime": "11:00:00", "endTime": "12:00:00"}, {"from": "TUESDAY", "to": "TUESDAY", "beginTime": "17:00:00", "endTime": "18:00:00"}, {"from": "WEDNESDAY", "to": "WEDNESDAY", "beginTime": "10:00:00", "endTime": "13:00:00"}, {"from": "THURSDAY", "to": "THURSDAY", "beginTime": "13:00:00", "endTime": "18:00:00"}, {"from": "FRIDAY", "to": "FRIDAY", "beginTime": "12:00:00", "endTime": "14:00:00"}]}, {"id": "Purchasing Agent-000015_profile_calendar", "name": "Purchasing Agent-000015_profile_calendar", "time_periods": [{"from": "MONDAY", "to": "MONDAY", "beginTime": "10:00:00", "endTime": "11:00:00"}, {"from": "MONDAY", "to": "MONDAY", "beginTime": "15:00:00", "endTime": "16:00:00"}, {"from": "TUESDAY", "to": "TUESDAY", "beginTime": "10:00:00", "endTime": "11:00:00"}, {"from": "TUESDAY", "to": "TUESDAY", "beginTime": "12:00:00", "endTime": "13:00:00"}, {"from": "TUESDAY", "to": "TUESDAY", "beginTime": "16:00:00", "endTime": "17:00:00"}, {"from": "WEDNESDAY", "to": "WEDNESDAY", "beginTime": "11:00:00", "endTime": "14:00:00"}, {"from": "WEDNESDAY", "to": "WEDNESDAY", "beginTime": "17:00:00", "endTime": "18:00:00"}, {"from": "THURSDAY", "to": "THURSDAY", "beginTime": "12:00:00", "endTime": "15:00:00"}, {"from": "THURSDAY", "to": "THURSDAY", "beginTime": "17:00:00", "endTime": "18:00:00"}, {"from": "FRIDAY", "to": "FRIDAY", "beginTime": "12:00:00", "endTime": "13:00:00"}, {"from": "FRIDAY", "to": "FRIDAY", "beginTime": "16:00:00", "endTime": "17:00:00"}]}, {"id": "Purchasing Agent-000016_profile_calendar", "name": "Purchasing Agent-000016_profile_calendar", "time_periods": [{"from": "MONDAY", "to": "MONDAY", "beginTime": "10:00:00", "endTime": "14:00:00"}, {"from": "MONDAY", "to": "MONDAY", "beginTime": "16:00:00", "endTime": "17:00:00"}, {"from": "TUESDAY", "to": "TUESDAY", "beginTime": "12:00:00", "endTime": "18:00:00"}, {"from": "WEDNESDAY", "to": "WEDNESDAY", "beginTime": "14:00:00", "endTime": "17:00:00"}, {"from": "THURSDAY", "to": "THURSDAY", "beginTime": "10:00:00", "endTime": "11:00:00"}, {"from": "THURSDAY", "to": "THURSDAY", "beginTime": "12:00:00", "endTime": "14:00:00"}, {"from": "THURSDAY", "to": "THURSDAY", "beginTime": "15:00:00", "endTime": "16:00:00"}, {"from": "FRIDAY", "to": "FRIDAY", "beginTime": "10:00:00", "endTime": "13:00:00"}, {"from": "FRIDAY", "to": "FRIDAY", "beginTime": "14:00:00", "endTime": "18:00:00"}]}, {"id": "Purchasing Agent-000017_profile_calendar", "name": "Purchasing Agent-000017_profile_calendar", "time_periods": [{"from": "MONDAY", "to": "MONDAY", "beginTime": "10:00:00", "endTime": "13:00:00"}, {"from": "MONDAY", "to": "MONDAY", "beginTime": "16:00:00", "endTime": "17:00:00"}, {"from": "TUESDAY", "to": "TUESDAY", "beginTime": "12:00:00", "endTime": "15:00:00"}, {"from": "WEDNESDAY", "to": "WEDNESDAY", "beginTime": "14:00:00", "endTime": "16:00:00"}, {"from": "THURSDAY", "to": "THURSDAY", "beginTime": "14:00:00", "endTime": "18:00:00"}, {"from": "FRIDAY", "to": "FRIDAY", "beginTime": "10:00:00", "endTime": "11:00:00"}, {"from": "FRIDAY", "to": "FRIDAY", "beginTime": "12:00:00", "endTime": "13:00:00"}, {"from": "FRIDAY", "to": "FRIDAY", "beginTime": "17:00:00", "endTime": "18:00:00"}]}, {"id": "Purchasing Agent-000018_profile_calendar", "name": "Purchasing Agent-000018_profile_calendar", "time_periods": [{"from": "MONDAY", "to": "MONDAY", "beginTime": "10:00:00", "endTime": "11:00:00"}, {"from": "MONDAY", "to": "MONDAY", "beginTime": "14:00:00", "endTime": "15:00:00"}, {"from": "MONDAY", "to": "MONDAY", "beginTime": "16:00:00", "endTime": "18:00:00"}, {"from": "TUESDAY", "to": "TUESDAY", "beginTime": "10:00:00", "endTime": "11:00:00"}, {"from": "TUESDAY", "to": "TUESDAY", "beginTime": "16:00:00", "endTime": "18:00:00"}, {"from": "WEDNESDAY", "to": "WEDNESDAY", "beginTime": "11:00:00", "endTime": "12:00:00"}, {"from": "WEDNESDAY", "to": "WEDNESDAY", "beginTime": "13:00:00", "endTime": "14:00:00"}, {"from": "THURSDAY", "to": "THURSDAY", "beginTime": "12:00:00", "endTime": "17:00:00"}, {"from": "FRIDAY", "to": "FRIDAY", "beginTime": "11:00:00", "endTime": "13:00:00"}, {"from": "FRIDAY", "to": "FRIDAY", "beginTime": "16:00:00", "endTime": "18:00:00"}]}, {"id": "Purchasing Agent-000019_profile_calendar", "name": "Purchasing Agent-000019_profile_calendar", "time_periods": [{"from": "MONDAY", "to": "MONDAY", "beginTime": "14:00:00", "endTime": "18:00:00"}, {"from": "TUESDAY", "to": "TUESDAY", "beginTime": "10:00:00", "endTime": "11:00:00"}, {"from": "TUESDAY", "to": "TUESDAY", "beginTime": "12:00:00", "endTime": "13:00:00"}, {"from": "TUESDAY", "to": "TUESDAY", "beginTime": "17:00:00", "endTime": "18:00:00"}, {"from": "WEDNESDAY", "to": "WEDNESDAY", "beginTime": "10:00:00", "endTime": "11:00:00"}, {"from": "WEDNESDAY", "to": "WEDNESDAY", "beginTime": "12:00:00", "endTime": "15:00:00"}, {"from": "WEDNESDAY", "to": "WEDNESDAY", "beginTime": "16:00:00", "endTime": "18:00:00"}, {"from": "THURSDAY", "to": "THURSDAY", "beginTime": "10:00:00", "endTime": "14:00:00"}, {"from": "THURSDAY", "to": "THURSDAY", "beginTime": "15:00:00", "endTime": "16:00:00"}, {"from": "FRIDAY", "to": "FRIDAY", "beginTime": "12:00:00", "endTime": "13:00:00"}, {"from": "FRIDAY", "to": "FRIDAY", "beginTime": "14:00:00", "endTime": "18:00:00"}]}, {"id": "Purchasing Agent-000020_profile_calendar", "name": "Purchasing Agent-000020_profile_calendar", "time_periods": [{"from": "MONDAY", "to": "MONDAY", "beginTime": "10:00:00", "endTime": "12:00:00"}, {"from": "TUESDAY", "to": "TUESDAY", "beginTime": "11:00:00", "endTime": "13:00:00"}, {"from": "TUESDAY", "to": "TUESDAY", "beginTime": "15:00:00", "endTime": "16:00:00"}, {"from": "WEDNESDAY", "to": "WEDNESDAY", "beginTime": "10:00:00", "endTime": "11:00:00"}, {"from": "WEDNESDAY", "to": "WEDNESDAY", "beginTime": "12:00:00", "endTime": "16:00:00"}, {"from": "THURSDAY", "to": "THURSDAY", "beginTime": "10:00:00", "endTime": "11:00:00"}, {"from": "THURSDAY", "to": "THURSDAY", "beginTime": "16:00:00", "endTime": "18:00:00"}, {"from": "FRIDAY", "to": "FRIDAY", "beginTime": "10:00:00", "endTime": "11:00:00"}, {"from": "FRIDAY", "to": "FRIDAY", "beginTime": "13:00:00", "endTime": "14:00:00"}, {"from": "FRIDAY", "to": "FRIDAY", "beginTime": "16:00:00", "endTime": "17:00:00"}]}, {"id": "Purchasing Agent-000021_profile_calendar", "name": "Purchasing Agent-000021_profile_calendar", "time_periods": [{"from": "MONDAY", "to": "MONDAY", "beginTime": "10:00:00", "endTime": "14:00:00"}, {"from": "MONDAY", "to": "MONDAY", "beginTime": "15:00:00", "endTime": "16:00:00"}, {"from": "TUESDAY", "to": "TUESDAY", "beginTime": "13:00:00", "endTime": "15:00:00"}, {"from": "WEDNESDAY", "to": "WEDNESDAY", "beginTime": "10:00:00", "endTime": "11:00:00"}, {"from": "WEDNESDAY", "to": "WEDNESDAY", "beginTime": "12:00:00", "endTime": "13:00:00"}, {"from": "WEDNESDAY", "to": "WEDNESDAY", "beginTime": "14:00:00", "endTime": "15:00:00"}, {"from": "WEDNESDAY", "to": "WEDNESDAY", "beginTime": "17:00:00", "endTime": "18:00:00"}, {"from": "THURSDAY", "to": "THURSDAY", "beginTime": "10:00:00", "endTime": "11:00:00"}, {"from": "THURSDAY", "to": "THURSDAY", "beginTime": "12:00:00", "endTime": "14:00:00"}, {"from": "THURSDAY", "to": "THURSDAY", "beginTime": "15:00:00", "endTime": "16:00:00"}, {"from": "THURSDAY", "to": "THURSDAY", "beginTime": "17:00:00", "endTime": "18:00:00"}, {"from": "FRIDAY", "to": "FRIDAY", "beginTime": "10:00:00", "endTime": "12:00:00"}, {"from": "FRIDAY", "to": "FRIDAY", "beginTime": "13:00:00", "endTime": "17:00:00"}]}, {"id": "Purchasing Agent-000022_profile_calendar", "name": "Purchasing Agent-000022_profile_calendar", "time_periods": [{"from": "MONDAY", "to": "MONDAY", "beginTime": "12:00:00", "endTime": "14:00:00"}, {"from": "MONDAY", "to": "MONDAY", "beginTime": "15:00:00", "endTime": "18:00:00"}, {"from": "TUESDAY", "to": "TUESDAY", "beginTime": "10:00:00", "endTime": "11:00:00"}, {"from": "TUESDAY", "to": "TUESDAY", "beginTime": "12:00:00", "endTime": "13:00:00"}, {"from": "TUESDAY", "to": "TUESDAY", "beginTime": "14:00:00", "endTime": "15:00:00"}, {"from": "WEDNESDAY", "to": "WEDNESDAY", "beginTime": "11:00:00", "endTime": "13:00:00"}, {"from": "WEDNESDAY", "to": "WEDNESDAY", "beginTime": "16:00:00", "endTime": "18:00:00"}, {"from": "THURSDAY", "to": "THURSDAY", "beginTime": "10:00:00", "endTime": "11:00:00"}, {"from": "THURSDAY", "to": "THURSDAY", "beginTime": "13:00:00", "endTime": "18:00:00"}, {"from": "FRIDAY", "to": "FRIDAY", "beginTime": "10:00:00", "endTime": "12:00:00"}, {"from": "FRIDAY", "to": "FRIDAY", "beginTime": "14:00:00", "endTime": "15:00:00"}, {"from": "FRIDAY", "to": "FRIDAY", "beginTime": "16:00:00", "endTime": "17:00:00"}]}, {"id": "Purchasing Manager-000001_profile_calendar", "name": "Purchasing Manager-000001_profile_calendar", "time_periods": [{"from": "MONDAY", "to": "MONDAY", "beginTime": "11:00:00", "endTime": "12:00:00"}, {"from": "MONDAY", "to": "MONDAY", "beginTime": "13:00:00", "endTime": "14:00:00"}, {"from": "TUESDAY", "to": "TUESDAY", "beginTime": "13:00:00", "endTime": "14:00:00"}, {"from": "TUESDAY", "to": "TUESDAY", "beginTime": "17:00:00", "endTime": "18:00:00"}, {"from": "WEDNESDAY", "to": "WEDNESDAY", "beginTime": "10:00:00", "endTime": "11:00:00"}, {"from": "WEDNESDAY", "to": "WEDNESDAY", "beginTime": "13:00:00", "endTime": "14:00:00"}, {"from": "WEDNESDAY", "to": "WEDNESDAY", "beginTime": "15:00:00", "endTime": "16:00:00"}, {"from": "THURSDAY", "to": "THURSDAY", "beginTime": "10:00:00", "endTime": "11:00:00"}, {"from": "THURSDAY", "to": "THURSDAY", "beginTime": "15:00:00", "endTime": "16:00:00"}, {"from": "FRIDAY", "to": "FRIDAY", "beginTime": "11:00:00", "endTime": "12:00:00"}, {"from": "FRIDAY", "to": "FRIDAY", "beginTime": "13:00:00", "endTime": "18:00:00"}]}, {"id": "Purchasing Manager-000002_profile_calendar", "name": "Purchasing Manager-000002_profile_calendar", "time_periods": [{"from": "MONDAY", "to": "MONDAY", "beginTime": "11:00:00", "endTime": "14:00:00"}, {"from": "TUESDAY", "to": "TUESDAY", "beginTime": "12:00:00", "endTime": "13:00:00"}, {"from": "TUESDAY", "to": "TUESDAY", "beginTime": "15:00:00", "endTime": "16:00:00"}, {"from": "WEDNESDAY", "to": "WEDNESDAY", "beginTime": "10:00:00", "endTime": "11:00:00"}, {"from": "WEDNESDAY", "to": "WEDNESDAY", "beginTime": "14:00:00", "endTime": "15:00:00"}, {"from": "WEDNESDAY", "to": "WEDNESDAY", "beginTime": "16:00:00", "endTime": "17:00:00"}, {"from": "THURSDAY", "to": "THURSDAY", "beginTime": "10:00:00", "endTime": "11:00:00"}, {"from": "THURSDAY", "to": "THURSDAY", "beginTime": "12:00:00", "endTime": "14:00:00"}, {"from": "THURSDAY", "to": "THURSDAY", "beginTime": "15:00:00", "endTime": "16:00:00"}, {"from": "THURSDAY", "to": "THURSDAY", "beginTime": "17:00:00", "endTime": "18:00:00"}, {"from": "FRIDAY", "to": "FRIDAY", "beginTime": "11:00:00", "endTime": "12:00:00"}, {"from": "FRIDAY", "to": "FRIDAY", "beginTime": "13:00:00", "endTime": "14:00:00"}, {"from": "FRIDAY", "to": "FRIDAY", "beginTime": "16:00:00", "endTime": "18:00:00"}]}, {"id": "Purchasing Manager-000003_profile_calendar", "name": "Purchasing Manager-000003_profile_calendar", "time_periods": [{"from": "MONDAY", "to": "MONDAY", "beginTime": "11:00:00", "endTime": "13:00:00"}, {"from": "MONDAY", "to": "MONDAY", "beginTime": "15:00:00", "endTime": "16:00:00"}, {"from": "TUESDAY", "to": "TUESDAY", "beginTime": "10:00:00", "endTime": "11:00:00"}, {"from": "TUESDAY", "to": "TUESDAY", "beginTime": "13:00:00", "endTime": "14:00:00"}, {"from": "TUESDAY", "to": "TUESDAY", "beginTime": "17:00:00", "endTime": "18:00:00"}, {"from": "WEDNESDAY", "to": "WEDNESDAY", "beginTime": "11:00:00", "endTime": "12:00:00"}, {"from": "WEDNESDAY", "to": "WEDNESDAY", "beginTime": "14:00:00", "endTime": "15:00:00"}, {"from": "WEDNESDAY", "to": "WEDNESDAY", "beginTime": "16:00:00", "endTime": "17:00:00"}, {"from": "THURSDAY", "to": "THURSDAY", "beginTime": "10:00:00", "endTime": "11:00:00"}, {"from": "THURSDAY", "to": "THURSDAY", "beginTime": "13:00:00", "endTime": "14:00:00"}, {"from": "THURSDAY", "to": "THURSDAY", "beginTime": "15:00:00", "endTime": "16:00:00"}, {"from": "THURSDAY", "to": "THURSDAY", "beginTime": "17:00:00", "endTime": "18:00:00"}, {"from": "FRIDAY", "to": "FRIDAY", "beginTime": "12:00:00", "endTime": "15:00:00"}, {"from": "FRIDAY", "to": "FRIDAY", "beginTime": "16:00:00", "endTime": "18:00:00"}]}, {"id": "Purchasing Manager-000004_profile_calendar", "name": "Purchasing Manager-000004_profile_calendar", "time_periods": [{"from": "MONDAY", "to": "MONDAY", "beginTime": "10:00:00", "endTime": "11:00:00"}, {"from": "MONDAY", "to": "MONDAY", "beginTime": "12:00:00", "endTime": "14:00:00"}, {"from": "TUESDAY", "to": "TUESDAY", "beginTime": "16:00:00", "endTime": "18:00:00"}, {"from": "WEDNESDAY", "to": "WEDNESDAY", "beginTime": "16:00:00", "endTime": "17:00:00"}, {"from": "THURSDAY", "to": "THURSDAY", "beginTime": "10:00:00", "endTime": "12:00:00"}, {"from": "THURSDAY", "to": "THURSDAY", "beginTime": "15:00:00", "endTime": "16:00:00"}, {"from": "THURSDAY", "to": "THURSDAY", "beginTime": "17:00:00", "endTime": "18:00:00"}, {"from": "FRIDAY", "to": "FRIDAY", "beginTime": "11:00:00", "endTime": "12:00:00"}, {"from": "FRIDAY", "to": "FRIDAY", "beginTime": "13:00:00", "endTime": "14:00:00"}, {"from": "FRIDAY", "to": "FRIDAY", "beginTime": "16:00:00", "endTime": "17:00:00"}]}, {"id": "Purchasing Manager-000005_profile_calendar", "name": "Purchasing Manager-000005_profile_calendar", "time_periods": [{"from": "MONDAY", "to": "MONDAY", "beginTime": "10:00:00", "endTime": "11:00:00"}, {"from": "MONDAY", "to": "MONDAY", "beginTime": "13:00:00", "endTime": "14:00:00"}, {"from": "MONDAY", "to": "MONDAY", "beginTime": "16:00:00", "endTime": "17:00:00"}, {"from": "WEDNESDAY", "to": "WEDNESDAY", "beginTime": "12:00:00", "endTime": "14:00:00"}, {"from": "WEDNESDAY", "to": "WEDNESDAY", "beginTime": "15:00:00", "endTime": "16:00:00"}, {"from": "WEDNESDAY", "to": "WEDNESDAY", "beginTime": "17:00:00", "endTime": "18:00:00"}, {"from": "THURSDAY", "to": "THURSDAY", "beginTime": "10:00:00", "endTime": "12:00:00"}, {"from": "THURSDAY", "to": "THURSDAY", "beginTime": "13:00:00", "endTime": "14:00:00"}, {"from": "THURSDAY", "to": "THURSDAY", "beginTime": "15:00:00", "endTime": "16:00:00"}, {"from": "FRIDAY", "to": "FRIDAY", "beginTime": "14:00:00", "endTime": "16:00:00"}]}, {"id": "Purchasing Manager-000006_profile_calendar", "name": "Purchasing Manager-000006_profile_calendar", "time_periods": [{"from": "MONDAY", "to": "MONDAY", "beginTime": "11:00:00", "endTime": "12:00:00"}, {"from": "MONDAY", "to": "MONDAY", "beginTime": "14:00:00", "endTime": "15:00:00"}, {"from": "MONDAY", "to": "MONDAY", "beginTime": "17:00:00", "endTime": "18:00:00"}, {"from": "TUESDAY", "to": "TUESDAY", "beginTime": "11:00:00", "endTime": "12:00:00"}, {"from": "TUESDAY", "to": "TUESDAY", "beginTime": "16:00:00", "endTime": "17:00:00"}, {"from": "WEDNESDAY", "to": "WEDNESDAY", "beginTime": "10:00:00", "endTime": "12:00:00"}, {"from": "WEDNESDAY", "to": "WEDNESDAY", "beginTime": "13:00:00", "endTime": "14:00:00"}, {"from": "WEDNESDAY", "to": "WEDNESDAY", "beginTime": "17:00:00", "endTime": "18:00:00"}, {"from": "THURSDAY", "to": "THURSDAY", "beginTime": "15:00:00", "endTime": "17:00:00"}, {"from": "FRIDAY", "to": "FRIDAY", "beginTime": "12:00:00", "endTime": "13:00:00"}]}, {"id": "Purchasing Manager-000007_profile_calendar", "name": "Purchasing Manager-000007_profile_calendar", "time_periods": [{"from": "MONDAY", "to": "MONDAY", "beginTime": "11:00:00", "endTime": "13:00:00"}, {"from": "MONDAY", "to": "MONDAY", "beginTime": "14:00:00", "endTime": "15:00:00"}, {"from": "MONDAY", "to": "MONDAY", "beginTime": "17:00:00", "endTime": "18:00:00"}, {"from": "TUESDAY", "to": "TUESDAY", "beginTime": "11:00:00", "endTime": "12:00:00"}, {"from": "TUESDAY", "to": "TUESDAY", "beginTime": "16:00:00", "endTime": "17:00:00"}, {"from": "WEDNESDAY", "to": "WEDNESDAY", "beginTime": "11:00:00", "endTime": "12:00:00"}, {"from": "WEDNESDAY", "to": "WEDNESDAY", "beginTime": "13:00:00", "endTime": "14:00:00"}, {"from": "THURSDAY", "to": "THURSDAY", "beginTime": "10:00:00", "endTime": "11:00:00"}, {"from": "THURSDAY", "to": "THURSDAY", "beginTime": "13:00:00", "endTime": "15:00:00"}, {"from": "THURSDAY", "to": "THURSDAY", "beginTime": "16:00:00", "endTime": "17:00:00"}, {"from": "FRIDAY", "to": "FRIDAY", "beginTime": "11:00:00", "endTime": "14:00:00"}, {"from": "FRIDAY", "to": "FRIDAY", "beginTime": "15:00:00", "endTime": "16:00:00"}, {"from": "FRIDAY", "to": "FRIDAY", "beginTime": "17:00:00", "endTime": "18:00:00"}]}, {"id": "Purchasing Manager-000008_profile_calendar", "name": "Purchasing Manager-000008_profile_calendar", "time_periods": [{"from": "MONDAY", "to": "MONDAY", "beginTime": "11:00:00", "endTime": "13:00:00"}, {"from": "MONDAY", "to": "MONDAY", "beginTime": "15:00:00", "endTime": "16:00:00"}, {"from": "WEDNESDAY", "to": "WEDNESDAY", "beginTime": "12:00:00", "endTime": "13:00:00"}, {"from": "WEDNESDAY", "to": "WEDNESDAY", "beginTime": "17:00:00", "endTime": "18:00:00"}, {"from": "THURSDAY", "to": "THURSDAY", "beginTime": "10:00:00", "endTime": "11:00:00"}, {"from": "THURSDAY", "to": "THURSDAY", "beginTime": "14:00:00", "endTime": "15:00:00"}, {"from": "THURSDAY", "to": "THURSDAY", "beginTime": "16:00:00", "endTime": "18:00:00"}, {"from": "FRIDAY", "to": "FRIDAY", "beginTime": "12:00:00", "endTime": "13:00:00"}, {"from": "FRIDAY", "to": "FRIDAY", "beginTime": "14:00:00", "endTime": "18:00:00"}]}, {"id": "Purchasing Manager-000009_profile_calendar", "name": "Purchasing Manager-000009_profile_calendar", "time_periods": [{"from": "MONDAY", "to": "MONDAY", "beginTime": "10:00:00", "endTime": "12:00:00"}, {"from": "MONDAY", "to": "MONDAY", "beginTime": "17:00:00", "endTime": "18:00:00"}, {"from": "WEDNESDAY", "to": "WEDNESDAY", "beginTime": "10:00:00", "endTime": "11:00:00"}, {"from": "WEDNESDAY", "to": "WEDNESDAY", "beginTime": "12:00:00", "endTime": "13:00:00"}, {"from": "THURSDAY", "to": "THURSDAY", "beginTime": "11:00:00", "endTime": "12:00:00"}, {"from": "THURSDAY", "to": "THURSDAY", "beginTime": "13:00:00", "endTime": "14:00:00"}, {"from": "THURSDAY", "to": "THURSDAY", "beginTime": "16:00:00", "endTime": "17:00:00"}, {"from": "FRIDAY", "to": "FRIDAY", "beginTime": "10:00:00", "endTime": "12:00:00"}, {"from": "FRIDAY", "to": "FRIDAY", "beginTime": "13:00:00", "endTime": "16:00:00"}, {"from": "FRIDAY", "to": "FRIDAY", "beginTime": "17:00:00", "endTime": "18:00:00"}]}, {"id": "Purchasing Manager-000010_profile_calendar", "name": "Purchasing Manager-000010_profile_calendar", "time_periods": [{"from": "MONDAY", "to": "MONDAY", "beginTime": "13:00:00", "endTime": "14:00:00"}, {"from": "MONDAY", "to": "MONDAY", "beginTime": "16:00:00", "endTime": "17:00:00"}, {"from": "TUESDAY", "to": "TUESDAY", "beginTime": "11:00:00", "endTime": "12:00:00"}, {"from": "WEDNESDAY", "to": "WEDNESDAY", "beginTime": "14:00:00", "endTime": "15:00:00"}, {"from": "WEDNESDAY", "to": "WEDNESDAY", "beginTime": "16:00:00", "endTime": "18:00:00"}, {"from": "THURSDAY", "to": "THURSDAY", "beginTime": "13:00:00", "endTime": "14:00:00"}, {"from": "THURSDAY", "to": "THURSDAY", "beginTime": "15:00:00", "endTime": "16:00:00"}, {"from": "THURSDAY", "to": "THURSDAY", "beginTime": "17:00:00", "endTime": "18:00:00"}, {"from": "FRIDAY", "to": "FRIDAY", "beginTime": "10:00:00", "endTime": "11:00:00"}, {"from": "FRIDAY", "to": "FRIDAY", "beginTime": "13:00:00", "endTime": "14:00:00"}, {"from": "FRIDAY", "to": "FRIDAY", "beginTime": "15:00:00", "endTime": "17:00:00"}]}, {"id": "Purchasing Manager-000011_profile_calendar", "name": "Purchasing Manager-000011_profile_calendar", "time_periods": [{"from": "MONDAY", "to": "MONDAY", "beginTime": "15:00:00", "endTime": "16:00:00"}, {"from": "TUESDAY", "to": "TUESDAY", "beginTime": "10:00:00", "endTime": "11:00:00"}, {"from": "TUESDAY", "to": "TUESDAY", "beginTime": "16:00:00", "endTime": "18:00:00"}, {"from": "WEDNESDAY", "to": "WEDNESDAY", "beginTime": "15:00:00", "endTime": "16:00:00"}, {"from": "THURSDAY", "to": "THURSDAY", "beginTime": "11:00:00", "endTime": "12:00:00"}, {"from": "THURSDAY", "to": "THURSDAY", "beginTime": "13:00:00", "endTime": "15:00:00"}, {"from": "THURSDAY", "to": "THURSDAY", "beginTime": "17:00:00", "endTime": "18:00:00"}, {"from": "FRIDAY", "to": "FRIDAY", "beginTime": "10:00:00", "endTime": "11:00:00"}, {"from": "FRIDAY", "to": "FRIDAY", "beginTime": "14:00:00", "endTime": "15:00:00"}, {"from": "FRIDAY", "to": "FRIDAY", "beginTime": "16:00:00", "endTime": "18:00:00"}]}, {"id": "Purchasing Manager-000012_profile_calendar", "name": "Purchasing Manager-000012_profile_calendar", "time_periods": [{"from": "MONDAY", "to": "MONDAY", "beginTime": "11:00:00", "endTime": "12:00:00"}, {"from": "MONDAY", "to": "MONDAY", "beginTime": "16:00:00", "endTime": "17:00:00"}, {"from": "TUESDAY", "to": "TUESDAY", "beginTime": "10:00:00", "endTime": "11:00:00"}, {"from": "TUESDAY", "to": "TUESDAY", "beginTime": "17:00:00", "endTime": "18:00:00"}, {"from": "WEDNESDAY", "to": "WEDNESDAY", "beginTime": "10:00:00", "endTime": "11:00:00"}, {"from": "WEDNESDAY", "to": "WEDNESDAY", "beginTime": "12:00:00", "endTime": "14:00:00"}, {"from": "WEDNESDAY", "to": "WEDNESDAY", "beginTime": "15:00:00", "endTime": "16:00:00"}, {"from": "THURSDAY", "to": "THURSDAY", "beginTime": "12:00:00", "endTime": "13:00:00"}, {"from": "THURSDAY", "to": "THURSDAY", "beginTime": "15:00:00", "endTime": "17:00:00"}, {"from": "FRIDAY", "to": "FRIDAY", "beginTime": "10:00:00", "endTime": "11:00:00"}, {"from": "FRIDAY", "to": "FRIDAY", "beginTime": "13:00:00", "endTime": "16:00:00"}]}, {"id": "Requester Manager-000001_profile_calendar", "name": "Requester Manager-000001_profile_calendar", "time_periods": [{"from": "MONDAY", "to": "MONDAY", "beginTime": "10:00:00", "endTime": "18:00:00"}, {"from": "TUESDAY", "to": "TUESDAY", "beginTime": "10:00:00", "endTime": "18:00:00"}, {"from": "WEDNESDAY", "to": "WEDNESDAY", "beginTime": "10:00:00", "endTime": "18:00:00"}, {"from": "THURSDAY", "to": "THURSDAY", "beginTime": "10:00:00", "endTime": "18:00:00"}, {"from": "FRIDAY", "to": "FRIDAY", "beginTime": "10:00:00", "endTime": "18:00:00"}]}, {"id": "Requester Manager-000002_profile_calendar", "name": "Requester Manager-000002_profile_calendar", "time_periods": [{"from": "MONDAY", "to": "MONDAY", "beginTime": "10:00:00", "endTime": "18:00:00"}, {"from": "TUESDAY", "to": "TUESDAY", "beginTime": "10:00:00", "endTime": "18:00:00"}, {"from": "WEDNESDAY", "to": "WEDNESDAY", "beginTime": "10:00:00", "endTime": "18:00:00"}, {"from": "THURSDAY", "to": "THURSDAY", "beginTime": "10:00:00", "endTime": "18:00:00"}, {"from": "FRIDAY", "to": "FRIDAY", "beginTime": "10:00:00", "endTime": "18:00:00"}]}, {"id": "Requester Manager-000003_profile_calendar", "name": "Requester Manager-000003_profile_calendar", "time_periods": [{"from": "MONDAY", "to": "MONDAY", "beginTime": "10:00:00", "endTime": "18:00:00"}, {"from": "TUESDAY", "to": "TUESDAY", "beginTime": "10:00:00", "endTime": "18:00:00"}, {"from": "WEDNESDAY", "to": "WEDNESDAY", "beginTime": "10:00:00", "endTime": "18:00:00"}, {"from": "THURSDAY", "to": "THURSDAY", "beginTime": "10:00:00", "endTime": "18:00:00"}, {"from": "FRIDAY", "to": "FRIDAY", "beginTime": "10:00:00", "endTime": "18:00:00"}]}, {"id": "Requester-000001_profile_calendar", "name": "Requester-000001_profile_calendar", "time_periods": [{"from": "MONDAY", "to": "MONDAY", "beginTime": "10:00:00", "endTime": "18:00:00"}, {"from": "TUESDAY", "to": "TUESDAY", "beginTime": "10:00:00", "endTime": "18:00:00"}, {"from": "WEDNESDAY", "to": "WEDNESDAY", "beginTime": "10:00:00", "endTime": "18:00:00"}, {"from": "THURSDAY", "to": "THURSDAY", "beginTime": "10:00:00", "endTime": "18:00:00"}, {"from": "FRIDAY", "to": "FRIDAY", "beginTime": "10:00:00", "endTime": "18:00:00"}]}, {"id": "Requester-000002_profile_calendar", "name": "Requester-000002_profile_calendar", "time_periods": [{"from": "MONDAY", "to": "MONDAY", "beginTime": "10:00:00", "endTime": "18:00:00"}, {"from": "TUESDAY", "to": "TUESDAY", "beginTime": "10:00:00", "endTime": "18:00:00"}, {"from": "WEDNESDAY", "to": "WEDNESDAY", "beginTime": "10:00:00", "endTime": "18:00:00"}, {"from": "THURSDAY", "to": "THURSDAY", "beginTime": "10:00:00", "endTime": "18:00:00"}, {"from": "FRIDAY", "to": "FRIDAY", "beginTime": "10:00:00", "endTime": "18:00:00"}]}, {"id": "Requester-000003_profile_calendar", "name": "Requester-000003_profile_calendar", "time_periods": [{"from": "MONDAY", "to": "MONDAY", "beginTime": "10:00:00", "endTime": "18:00:00"}, {"from": "TUESDAY", "to": "TUESDAY", "beginTime": "10:00:00", "endTime": "18:00:00"}, {"from": "WEDNESDAY", "to": "WEDNESDAY", "beginTime": "10:00:00", "endTime": "18:00:00"}, {"from": "THURSDAY", "to": "THURSDAY", "beginTime": "10:00:00", "endTime": "18:00:00"}, {"from": "FRIDAY", "to": "FRIDAY", "beginTime": "10:00:00", "endTime": "18:00:00"}]}, {"id": "Requester-000004_profile_calendar", "name": "Requester-000004_profile_calendar", "time_periods": [{"from": "MONDAY", "to": "MONDAY", "beginTime": "10:00:00", "endTime": "18:00:00"}, {"from": "TUESDAY", "to": "TUESDAY", "beginTime": "10:00:00", "endTime": "18:00:00"}, {"from": "WEDNESDAY", "to": "WEDNESDAY", "beginTime": "10:00:00", "endTime": "18:00:00"}, {"from": "THURSDAY", "to": "THURSDAY", "beginTime": "10:00:00", "endTime": "18:00:00"}, {"from": "FRIDAY", "to": "FRIDAY", "beginTime": "10:00:00", "endTime": "18:00:00"}]}, {"id": "Supplier-000001_profile_calendar", "name": "Supplier-000001_profile_calendar", "time_periods": [{"from": "MONDAY", "to": "MONDAY", "beginTime": "10:00:00", "endTime": "18:00:00"}, {"from": "TUESDAY", "to": "TUESDAY", "beginTime": "10:00:00", "endTime": "18:00:00"}, {"from": "WEDNESDAY", "to": "WEDNESDAY", "beginTime": "10:00:00", "endTime": "18:00:00"}, {"from": "THURSDAY", "to": "THURSDAY", "beginTime": "10:00:00", "endTime": "18:00:00"}, {"from": "FRIDAY", "to": "FRIDAY", "beginTime": "10:00:00", "endTime": "18:00:00"}]}], "task_resource_distribution": [{"task_id": "node30", "resources": [{"resource_id": "Financial Manager-000001", "distribution_name": "fix", "distribution_params": [{"value": 0.0}]}, {"resource_id": "Financial Manager-000002", "distribution_name": "fix", "distribution_params": [{"value": 0.0}]}, {"resource_id": "Financial Manager-000003", "distribution_name": "fix", "distribution_params": [{"value": 0.0}]}, {"resource_id": "Financial Manager-000004", "distribution_name": "fix", "distribution_params": [{"value": 0.0}]}]}, {"task_id": "node18", "resources": [{"resource_id": "Financial Manager-000001", "distribution_name": "gamma", "distribution_params": [{"value": 859.3453547660375}, {"value": 853494.1387717249}, {"value": 3.227}, {"value": 6028.771}]}, {"resource_id": "Financial Manager-000002", "distribution_name": "gamma", "distribution_params": [{"value": 951.3018333730156}, {"value": 775658.9735954576}, {"value": 1.819}, {"value": 4540.283}]}, {"resource_id": "Financial Manager-000003", "distribution_name": "expon", "distribution_params": [{"value": 896.8718638638128}, {"value": 0.0}, {"value": 6381.723}]}, {"resource_id": "Financial Manager-000004", "distribution_name": "gamma", "distribution_params": [{"value": 852.8525424101693}, {"value": 639225.6259464183}, {"value": 1.764}, {"value": 4309.908001000003}]}]}, {"task_id": "node2", "resources": [{"resource_id": "Financial Manager-000001", "distribution_name": "fix", "distribution_params": [{"value": 0.0}]}, {"resource_id": "Financial Manager-000002", "distribution_name": "fix", "distribution_params": [{"value": 0.0}]}, {"resource_id": "Financial Manager-000003", "distribution_name": "fix", "distribution_params": [{"value": 0.0}]}, {"resource_id": "Financial Manager-000004", "distribution_name": "fix", "distribution_params": [{"value": 0.0}]}]}, {"task_id": "node10", "resources": [{"resource_id": "Financial Manager-000001", "distribution_name": "uniform", "distribution_params": [{"value": 122.438}, {"value": 418.451}]}, {"resource_id": "Financial Manager-000002", "distribution_name": "uniform", "distribution_params": [{"value": 122.428}, {"value": 414.75}]}, {"resource_id": "Financial Manager-000003", "distribution_name": "gamma", "distribution_params": [{"value": 266.5570992595419}, {"value": 8929.462869126317}, {"value": 0.0}, {"value": 419.822}]}, {"resource_id": "Financial Manager-000004", "distribution_name": "uniform", "distribution_params": [{"value": 121.512}, {"value": 419.576}]}]}, {"task_id": "node25", "resources": [{"resource_id": "Financial Manager-000001", "distribution_name": "uniform", "distribution_params": [{"value": 783.778}, {"value": 2036.829}]}, {"resource_id": "Financial Manager-000002", "distribution_name": "uniform", "distribution_params": [{"value": 783.842}, {"value": 2039.635}]}, {"resource_id": "Financial Manager-000003", "distribution_name": "norm", "distribution_params": [{"value": 1353.4307473537904}, {"value": 381.10920981608194}, {"value": 0.0}, {"value": 2024.177}]}, {"resource_id": "Financial Manager-000004", "distribution_name": "uniform", "distribution_params": [{"value": 786.966}, {"value": 2036.625}]}]}, {"task_id": "node14", "resources": [{"resource_id": "Purchasing Agent-000001", "distribution_name": "norm", "distribution_params": [{"value": 969.9703021354162}, {"value": 783.002143577713}, {"value": 0.0}, {"value": 2553.469}]}, {"resource_id": "Purchasing Agent-000002", "distribution_name": "gamma", "distribution_params": [{"value": 756.1393929107142}, {"value": 526372.6090119422}, {"value": 0.0}, {"value": 2098.174}]}, {"resource_id": "Purchasing Agent-000003", "distribution_name": "norm", "distribution_params": [{"value": 846.1216981509433}, {"value": 723.0375465214805}, {"value": 0.0}, {"value": 2237.985}]}, {"resource_id": "Purchasing Agent-000004", "distribution_name": "norm", "distribution_params": [{"value": 790.4201642164179}, {"value": 703.9878764723433}, {"value": 0.0}, {"value": 2257.522}]}, {"resource_id": "Purchasing Agent-000005", "distribution_name": "expon", "distribution_params": [{"value": 717.9064000416666}, {"value": 0.0}, {"value": 2440.1970010000005}]}, {"resource_id": "Purchasing Agent-000006", "distribution_name": "norm", "distribution_params": [{"value": 1093.042051974026}, {"value": 669.2499841296501}, {"value": 0.0}, {"value": 2425.548}]}, {"resource_id": "Purchasing Agent-000007", "distribution_name": "norm", "distribution_params": [{"value": 691.9384079605263}, {"value": 695.9341267296513}, {"value": 0.0}, {"value": 2228.658}]}, {"resource_id": "Purchasing Agent-000008", "distribution_name": "norm", "distribution_params": [{"value": 927.6396929428565}, {"value": 722.1411155888081}, {"value": 0.0}, {"value": 2859.979}]}, {"resource_id": "Purchasing Agent-000009", "distribution_name": "norm", "distribution_params": [{"value": 997.2435107553188}, {"value": 747.5178587412973}, {"value": 0.0}, {"value": 2465.79}]}, {"resource_id": "Purchasing Agent-000010", "distribution_name": "gamma", "distribution_params": [{"value": 696.9546104545454}, {"value": 505852.8772293278}, {"value": 0.0}, {"value": 2447.193}]}, {"resource_id": "Purchasing Agent-000011", "distribution_name": "expon", "distribution_params": [{"value": 614.0748351237113}, {"value": 0.0}, {"value": 2592.896}]}, {"resource_id": "Purchasing Agent-000012", "distribution_name": "uniform", "distribution_params": [{"value": 0.0}, {"value": 2247.302}]}, {"resource_id": "Purchasing Agent-000013", "distribution_name": "expon", "distribution_params": [{"value": 790.9474077846149}, {"value": 0.0}, {"value": 2507.055}]}, {"resource_id": "Purchasing Agent-000014", "distribution_name": "expon", "distribution_params": [{"value": 648.0326957043476}, {"value": 0.0}, {"value": 2663.189}]}, {"resource_id": "Purchasing Agent-000015", "distribution_name": "expon", "distribution_params": [{"value": 761.4468448793102}, {"value": 0.0}, {"value": 2157.91}]}, {"resource_id": "Purchasing Agent-000016", "distribution_name": "norm", "distribution_params": [{"value": 1078.955238163265}, {"value": 704.1212018156245}, {"value": 0.0}, {"value": 2903.132}]}, {"resource_id": "Purchasing Agent-000017", "distribution_name": "norm", "distribution_params": [{"value": 756.3230158267711}, {"value": 742.0185654997066}, {"value": 0.0}, {"value": 2532.33}]}, {"resource_id": "Purchasing Agent-000018", "distribution_name": "expon", "distribution_params": [{"value": 861.05523018584}, {"value": 0.0}, {"value": 2764.894}]}, {"resource_id": "Purchasing Agent-000019", "distribution_name": "norm", "distribution_params": [{"value": 985.5167986043166}, {"value": 746.3946346997143}, {"value": 0.0}, {"value": 2801.381}]}, {"resource_id": "Purchasing Agent-000020", "distribution_name": "gamma", "distribution_params": [{"value": 741.9047103364485}, {"value": 466141.08489355963}, {"value": 0.0}, {"value": 2411.04}]}, {"resource_id": "Purchasing Agent-000021", "distribution_name": "norm", "distribution_params": [{"value": 840.6928468387094}, {"value": 648.5945917333493}, {"value": 0.0}, {"value": 2576.188}]}, {"resource_id": "Purchasing Agent-000022", "distribution_name": "gamma", "distribution_params": [{"value": 938.4339369909909}, {"value": 421807.77348175074}, {"value": 0.0}, {"value": 2322.872}]}]}, {"task_id": "node21", "resources": [{"resource_id": "Purchasing Agent-000001", "distribution_name": "gamma", "distribution_params": [{"value": 34.146874999999994}, {"value": 1769.0101025468748}, {"value": 0.0}, {"value": 172.087}]}, {"resource_id": "Purchasing Agent-000002", "distribution_name": "gamma", "distribution_params": [{"value": 32.17471739130435}, {"value": 2854.416776159263}, {"value": 0.0}, {"value": 285.19}]}, {"resource_id": "Purchasing Agent-000003", "distribution_name": "gamma", "distribution_params": [{"value": 35.726959204081695}, {"value": 2444.5091781106184}, {"value": 0.0}, {"value": 198.171}]}, {"resource_id": "Purchasing Agent-000004", "distribution_name": "gamma", "distribution_params": [{"value": 46.272733333333335}, {"value": 3438.802034373333}, {"value": 0.0}, {"value": 227.511}]}, {"resource_id": "Purchasing Agent-000005", "distribution_name": "gamma", "distribution_params": [{"value": 30.497169542372422}, {"value": 2496.4317647637904}, {"value": 0.0}, {"value": 246.977}]}, {"resource_id": "Purchasing Agent-000006", "distribution_name": "expon", "distribution_params": [{"value": 44.39710169491525}, {"value": 0.0}, {"value": 195.71}]}, {"resource_id": "Purchasing Agent-000007", "distribution_name": "gamma", "distribution_params": [{"value": 33.08662162162161}, {"value": 1644.7558380730459}, {"value": 0.0}, {"value": 148.754}]}, {"resource_id": "Purchasing Agent-000008", "distribution_name": "gamma", "distribution_params": [{"value": 38.89738235294118}, {"value": 2350.8327544126296}, {"value": 0.0}, {"value": 210.687}]}, {"resource_id": "Purchasing Agent-000009", "distribution_name": "gamma", "distribution_params": [{"value": 34.73006818181818}, {"value": 2261.6637907453514}, {"value": 0.0}, {"value": 203.516}]}, {"resource_id": "Purchasing Agent-000010", "distribution_name": "gamma", "distribution_params": [{"value": 32.16480392156863}, {"value": 4075.0768430595926}, {"value": 0.0}, {"value": 334.507}]}, {"resource_id": "Purchasing Agent-000011", "distribution_name": "gamma", "distribution_params": [{"value": 30.340054054054058}, {"value": 2160.7233357808627}, {"value": 0.0}, {"value": 193.847}]}, {"resource_id": "Purchasing Agent-000012", "distribution_name": "gamma", "distribution_params": [{"value": 36.13089285714286}, {"value": 2229.544574845663}, {"value": 0.0}, {"value": 266.723}]}, {"resource_id": "Purchasing Agent-000013", "distribution_name": "gamma", "distribution_params": [{"value": 23.294456521739136}, {"value": 1868.2374115089792}, {"value": 0.0}, {"value": 188.225}]}, {"resource_id": "Purchasing Agent-000014", "distribution_name": "gamma", "distribution_params": [{"value": 43.64988636363637}, {"value": 6081.0579481007235}, {"value": 0.0}, {"value": 392.213}]}, {"resource_id": "Purchasing Agent-000015", "distribution_name": "gamma", "distribution_params": [{"value": 40.534171428571426}, {"value": 2687.5328410563266}, {"value": 0.0}, {"value": 218.999}]}, {"resource_id": "Purchasing Agent-000016", "distribution_name": "gamma", "distribution_params": [{"value": 46.47647272727273}, {"value": 3657.1538818128925}, {"value": 0.0}, {"value": 301.441}]}, {"resource_id": "Purchasing Agent-000017", "distribution_name": "lognorm", "distribution_params": [{"value": 20.904333333333334}, {"value": 1967.3353316959062}, {"value": 0.0}, {"value": 234.859}]}, {"resource_id": "Purchasing Agent-000018", "distribution_name": "gamma", "distribution_params": [{"value": 31.591326108695817}, {"value": 1920.3711123244689}, {"value": 0.0}, {"value": 172.702}]}, {"resource_id": "Purchasing Agent-000019", "distribution_name": "expon", "distribution_params": [{"value": 42.92518181818182}, {"value": 0.0}, {"value": 189.482}]}, {"resource_id": "Purchasing Agent-000020", "distribution_name": "expon", "distribution_params": [{"value": 38.795399999999994}, {"value": 0.0}, {"value": 259.33}]}, {"resource_id": "Purchasing Agent-000021", "distribution_name": "gamma", "distribution_params": [{"value": 35.896406779661014}, {"value": 1715.7745138684281}, {"value": 0.0}, {"value": 166.642}]}, {"resource_id": "Purchasing Agent-000022", "distribution_name": "gamma", "distribution_params": [{"value": 50.072295454545454}, {"value": 3396.36763479907}, {"value": 0.0}, {"value": 241.909}]}]}, {"task_id": "node13", "resources": [{"resource_id": "Purchasing Agent-000001", "distribution_name": "gamma", "distribution_params": [{"value": 312.9777224166653}, {"value": 340038.5982302193}, {"value": 0.0}, {"value": 2468.993}]}, {"resource_id": "Purchasing Agent-000002", "distribution_name": "gamma", "distribution_params": [{"value": 377.17097828260864}, {"value": 219090.36643326617}, {"value": 0.0}, {"value": 1722.5}]}, {"resource_id": "Purchasing Agent-000003", "distribution_name": "gamma", "distribution_params": [{"value": 246.42825586046484}, {"value": 155726.48885326018}, {"value": 0.0}, {"value": 1532.6}]}, {"resource_id": "Purchasing Agent-000004", "distribution_name": "gamma", "distribution_params": [{"value": 346.16068428070173}, {"value": 324347.77330118424}, {"value": 0.0}, {"value": 3233.582}]}, {"resource_id": "Purchasing Agent-000005", "distribution_name": "gamma", "distribution_params": [{"value": 301.36428205128203}, {"value": 262447.3821305101}, {"value": 0.0}, {"value": 2082.1319999999996}]}, {"resource_id": "Purchasing Agent-000006", "distribution_name": "gamma", "distribution_params": [{"value": 676.4170833333333}, {"value": 463172.24117440975}, {"value": 0.0}, {"value": 3379.625}]}, {"resource_id": "Purchasing Agent-000007", "distribution_name": "gamma", "distribution_params": [{"value": 232.39800000000002}, {"value": 110445.33848553331}, {"value": 0.0}, {"value": 1371.822}]}, {"resource_id": "Purchasing Agent-000008", "distribution_name": "gamma", "distribution_params": [{"value": 314.73517648529406}, {"value": 179431.0547119494}, {"value": 0.0}, {"value": 2069.158}]}, {"resource_id": "Purchasing Agent-000009", "distribution_name": "gamma", "distribution_params": [{"value": 364.4102}, {"value": 205383.75643855997}, {"value": 0.0}, {"value": 1557.457}]}, {"resource_id": "Purchasing Agent-000010", "distribution_name": "gamma", "distribution_params": [{"value": 414.31007692307685}, {"value": 214244.57738230177}, {"value": 0.0}, {"value": 1791.175}]}, {"resource_id": "Purchasing Agent-000011", "distribution_name": "gamma", "distribution_params": [{"value": 346.48257779999994}, {"value": 337937.52691123076}, {"value": 0.0}, {"value": 2454.146}]}, {"resource_id": "Purchasing Agent-000012", "distribution_name": "expon", "distribution_params": [{"value": 489.19723537254805}, {"value": 0.0}, {"value": 2409.606}]}, {"resource_id": "Purchasing Agent-000013", "distribution_name": "gamma", "distribution_params": [{"value": 530.0980417708327}, {"value": 376101.962549479}, {"value": 0.0}, {"value": 2299.0790009999982}]}, {"resource_id": "Purchasing Agent-000014", "distribution_name": "gamma", "distribution_params": [{"value": 221.43800002127654}, {"value": 79845.97606952726}, {"value": 0.0}, {"value": 982.061}]}, {"resource_id": "Purchasing Agent-000015", "distribution_name": "lognorm", "distribution_params": [{"value": 289.5956944444444}, {"value": 240515.25815021212}, {"value": 0.0}, {"value": 2169.348}]}, {"resource_id": "Purchasing Agent-000016", "distribution_name": "expon", "distribution_params": [{"value": 610.1575147205882}, {"value": 0.0}, {"value": 4411.614}]}, {"resource_id": "Purchasing Agent-000017", "distribution_name": "expon", "distribution_params": [{"value": 584.3921403508772}, {"value": 0.0}, {"value": 2910.0}]}, {"resource_id": "Purchasing Agent-000018", "distribution_name": "expon", "distribution_params": [{"value": 544.983800022222}, {"value": 0.0}, {"value": 3996.71}]}, {"resource_id": "Purchasing Agent-000019", "distribution_name": "gamma", "distribution_params": [{"value": 506.88463838297776}, {"value": 400610.0539979651}, {"value": 0.0}, {"value": 2638.34}]}, {"resource_id": "Purchasing Agent-000020", "distribution_name": "lognorm", "distribution_params": [{"value": 281.68800006818157}, {"value": 163053.88153534327}, {"value": 0.0}, {"value": 1436.432}]}, {"resource_id": "Purchasing Agent-000021", "distribution_name": "expon", "distribution_params": [{"value": 297.3695082131147}, {"value": 0.0}, {"value": 2273.066}]}, {"resource_id": "Purchasing Agent-000022", "distribution_name": "gamma", "distribution_params": [{"value": 486.7700909090909}, {"value": 313452.4792565372}, {"value": 0.0}, {"value": 2198.788}]}]}, {"task_id": "node11", "resources": [{"resource_id": "Purchasing Agent-000001", "distribution_name": "norm", "distribution_params": [{"value": 222.95972222222224}, {"value": 206.26393891748546}, {"value": 0.0}, {"value": 594.799}]}, {"resource_id": "Purchasing Agent-000002", "distribution_name": "gamma", "distribution_params": [{"value": 153.8912745098039}, {"value": 39091.2853685521}, {"value": 0.0}, {"value": 591.992}]}, {"resource_id": "Purchasing Agent-000003", "distribution_name": "expon", "distribution_params": [{"value": 184.7877948717949}, {"value": 0.0}, {"value": 552.896}]}, {"resource_id": "Purchasing Agent-000004", "distribution_name": "expon", "distribution_params": [{"value": 181.56009259259258}, {"value": 0.0}, {"value": 592.852}]}, {"resource_id": "Purchasing Agent-000005", "distribution_name": "lognorm", "distribution_params": [{"value": 175.1088000222222}, {"value": 34491.612306253934}, {"value": 0.0}, {"value": 554.569}]}, {"resource_id": "Purchasing Agent-000006", "distribution_name": "norm", "distribution_params": [{"value": 250.93110418750015}, {"value": 192.62266478909908}, {"value": 0.0}, {"value": 590.879}]}, {"resource_id": "Purchasing Agent-000007", "distribution_name": "gamma", "distribution_params": [{"value": 197.66721432142853}, {"value": 40381.57886884651}, {"value": 0.0}, {"value": 599.773}]}, {"resource_id": "Purchasing Agent-000008", "distribution_name": "gamma", "distribution_params": [{"value": 160.735078125}, {"value": 35779.686463384525}, {"value": 0.0}, {"value": 599.217}]}, {"resource_id": "Purchasing Agent-000009", "distribution_name": "uniform", "distribution_params": [{"value": 0.0}, {"value": 585.731}]}, {"resource_id": "Purchasing Agent-000010", "distribution_name": "gamma", "distribution_params": [{"value": 174.26580392156865}, {"value": 40233.682485804704}, {"value": 0.0}, {"value": 596.037}]}, {"resource_id": "Purchasing Agent-000011", "distribution_name": "gamma", "distribution_params": [{"value": 138.87947727272726}, {"value": 29382.126961113125}, {"value": 0.0}, {"value": 508.021}]}, {"resource_id": "Purchasing Agent-000012", "distribution_name": "gamma", "distribution_params": [{"value": 198.7018524590164}, {"value": 36835.56282950282}, {"value": 0.0}, {"value": 570.566}]}, {"resource_id": "Purchasing Agent-000013", "distribution_name": "gamma", "distribution_params": [{"value": 189.72625867241334}, {"value": 43615.18913935165}, {"value": 0.0}, {"value": 595.555}]}, {"resource_id": "Purchasing Agent-000014", "distribution_name": "gamma", "distribution_params": [{"value": 200.936825}, {"value": 38336.82203199437}, {"value": 0.0}, {"value": 591.136}]}, {"resource_id": "Purchasing Agent-000015", "distribution_name": "expon", "distribution_params": [{"value": 191.42900007692222}, {"value": 0.0}, {"value": 567.653}]}, {"resource_id": "Purchasing Agent-000016", "distribution_name": "expon", "distribution_params": [{"value": 223.046625}, {"value": 0.0}, {"value": 593.501}]}, {"resource_id": "Purchasing Agent-000017", "distribution_name": "gamma", "distribution_params": [{"value": 198.37292189062498}, {"value": 38088.304196775294}, {"value": 0.0}, {"value": 579.431}]}, {"resource_id": "Purchasing Agent-000018", "distribution_name": "expon", "distribution_params": [{"value": 160.4226000500001}, {"value": 0.0}, {"value": 532.71}]}, {"resource_id": "Purchasing Agent-000019", "distribution_name": "norm", "distribution_params": [{"value": 203.0573921568627}, {"value": 194.3611595078059}, {"value": 0.0}, {"value": 593.571}]}, {"resource_id": "Purchasing Agent-000020", "distribution_name": "gamma", "distribution_params": [{"value": 135.43766668749996}, {"value": 29823.96838401906}, {"value": 0.0}, {"value": 540.622}]}, {"resource_id": "Purchasing Agent-000021", "distribution_name": "norm", "distribution_params": [{"value": 229.82950909090914}, {"value": 198.83856770728934}, {"value": 0.0}, {"value": 560.48}]}, {"resource_id": "Purchasing Agent-000022", "distribution_name": "gamma", "distribution_params": [{"value": 225.0908298297871}, {"value": 31903.27700214566}, {"value": 0.0}, {"value": 589.453}]}]}, {"task_id": "node17", "resources": [{"resource_id": "Purchasing Agent-000001", "distribution_name": "lognorm", "distribution_params": [{"value": 227.5359375}, {"value": 125662.47366230858}, {"value": 0.0}, {"value": 1402.574}]}, {"resource_id": "Purchasing Agent-000002", "distribution_name": "gamma", "distribution_params": [{"value": 230.81495124390247}, {"value": 113913.65666989285}, {"value": 0.0}, {"value": 1306.576}]}, {"resource_id": "Purchasing Agent-000003", "distribution_name": "expon", "distribution_params": [{"value": 166.00366000000002}, {"value": 0.0}, {"value": 672.808}]}, {"resource_id": "Purchasing Agent-000004", "distribution_name": "expon", "distribution_params": [{"value": 213.7704643035714}, {"value": 0.0}, {"value": 1161.185}]}, {"resource_id": "Purchasing Agent-000005", "distribution_name": "expon", "distribution_params": [{"value": 141.85095924489724}, {"value": 0.0}, {"value": 1060.135}]}, {"resource_id": "Purchasing Agent-000006", "distribution_name": "expon", "distribution_params": [{"value": 286.63847171698103}, {"value": 0.0}, {"value": 1255.331}]}, {"resource_id": "Purchasing Agent-000007", "distribution_name": "gamma", "distribution_params": [{"value": 117.57335143243148}, {"value": 34689.14180289191}, {"value": 0.0}, {"value": 765.563}]}, {"resource_id": "Purchasing Agent-000008", "distribution_name": "expon", "distribution_params": [{"value": 296.29114754098356}, {"value": 0.0}, {"value": 1647.485}]}, {"resource_id": "Purchasing Agent-000009", "distribution_name": "expon", "distribution_params": [{"value": 242.4192500192307}, {"value": 0.0}, {"value": 1470.94}]}, {"resource_id": "Purchasing Agent-000010", "distribution_name": "gamma", "distribution_params": [{"value": 150.21874418604654}, {"value": 52915.286748283404}, {"value": 0.0}, {"value": 988.25}]}, {"resource_id": "Purchasing Agent-000011", "distribution_name": "gamma", "distribution_params": [{"value": 151.80706252083334}, {"value": 42318.461995865015}, {"value": 0.0}, {"value": 680.927}]}, {"resource_id": "Purchasing Agent-000012", "distribution_name": "expon", "distribution_params": [{"value": 261.5947090909091}, {"value": 0.0}, {"value": 1226.822}]}, {"resource_id": "Purchasing Agent-000013", "distribution_name": "lognorm", "distribution_params": [{"value": 131.20224137931035}, {"value": 62290.13253014862}, {"value": 0.0}, {"value": 1487.842}]}, {"resource_id": "Purchasing Agent-000014", "distribution_name": "lognorm", "distribution_params": [{"value": 262.4595128461539}, {"value": 92753.8881798816}, {"value": 0.0}, {"value": 1014.573}]}, {"resource_id": "Purchasing Agent-000015", "distribution_name": "gamma", "distribution_params": [{"value": 210.61187096774194}, {"value": 84423.39025811238}, {"value": 0.0}, {"value": 1103.458}]}, {"resource_id": "Purchasing Agent-000016", "distribution_name": "gamma", "distribution_params": [{"value": 157.32366043396172}, {"value": 33722.69793790072}, {"value": 0.0}, {"value": 753.1380029999709}]}, {"resource_id": "Purchasing Agent-000017", "distribution_name": "gamma", "distribution_params": [{"value": 233.87283020754708}, {"value": 123089.19475280424}, {"value": 0.0}, {"value": 1387.4520009999978}]}, {"resource_id": "Purchasing Agent-000018", "distribution_name": "lognorm", "distribution_params": [{"value": 195.4106363636364}, {"value": 86791.91800900413}, {"value": 0.0}, {"value": 1102.477}]}, {"resource_id": "Purchasing Agent-000019", "distribution_name": "gamma", "distribution_params": [{"value": 224.66578333333337}, {"value": 61551.56153150307}, {"value": 0.0}, {"value": 1007.513}]}, {"resource_id": "Purchasing Agent-000020", "distribution_name": "gamma", "distribution_params": [{"value": 132.7986111296295}, {"value": 60642.6294219626}, {"value": 0.0}, {"value": 1391.215}]}, {"resource_id": "Purchasing Agent-000021", "distribution_name": "gamma", "distribution_params": [{"value": 100.30906124489792}, {"value": 20179.95812899697}, {"value": 0.0}, {"value": 574.219}]}, {"resource_id": "Purchasing Agent-000022", "distribution_name": "expon", "distribution_params": [{"value": 182.36117649019604}, {"value": 0.0}, {"value": 653.437}]}]}, {"task_id": "node31", "resources": [{"resource_id": "Purchasing Agent-000001", "distribution_name": "norm", "distribution_params": [{"value": 11884.278001599998}, {"value": 4650.8978884379485}, {"value": 3925.155001999985}, {"value": 18000.000002999994}]}, {"resource_id": "Purchasing Agent-000002", "distribution_name": "norm", "distribution_params": [{"value": 15302.162601200005}, {"value": 7347.398867632341}, {"value": 4034.636001000006}, {"value": 23485.874001000004}]}, {"resource_id": "Purchasing Agent-000003", "distribution_name": "norm", "distribution_params": [{"value": 12685.002001857138}, {"value": 5144.549716915857}, {"value": 2354.260002999974}, {"value": 18542.733001}]}, {"resource_id": "Purchasing Agent-000004", "distribution_name": "norm", "distribution_params": [{"value": 16682.181501000006}, {"value": 2461.4055000000008}, {"value": 14220.776001000006}, {"value": 19143.587001000007}]}, {"resource_id": "Purchasing Agent-000005", "distribution_name": "expon", "distribution_params": [{"value": 13500.143501499992}, {"value": 9273.134000999999}, {"value": 22102.184002999973}]}, {"resource_id": "Purchasing Agent-000006", "distribution_name": "norm", "distribution_params": [{"value": 26034.252003500005}, {"value": 4070.6719994999585}, {"value": 21963.580004000047}, {"value": 30104.924002999964}]}, {"resource_id": "Purchasing Agent-000007", "distribution_name": "uniform", "distribution_params": [{"value": 4448.240001000013}, {"value": 10711.611001000012}]}, {"resource_id": "Purchasing Agent-000009", "distribution_name": "expon", "distribution_params": [{"value": 6018.139001000003}, {"value": 2906.0030010000046}, {"value": 9130.275001000002}]}, {"resource_id": "Purchasing Agent-000010", "distribution_name": "uniform", "distribution_params": [{"value": 11635.638001000014}, {"value": 19869.987002999987}]}, {"resource_id": "Purchasing Agent-000011", "distribution_name": "norm", "distribution_params": [{"value": 10004.147668000005}, {"value": 2333.443922110666}, {"value": 6727.308001000012}, {"value": 11980.476001000003}]}, {"resource_id": "Purchasing Agent-000012", "distribution_name": "uniform", "distribution_params": [{"value": 7200.000001000008}, {"value": 25200.000003000023}]}, {"resource_id": "Purchasing Agent-000013", "distribution_name": "gamma", "distribution_params": [{"value": 12338.509001000006}, {"value": 11462781.662929017}, {"value": 8952.836001000003}, {"value": 15724.182001000008}]}, {"resource_id": "Purchasing Agent-000014", "distribution_name": "expon", "distribution_params": [{"value": 8783.744001999981}, {"value": 5686.007002999977}, {"value": 18000.000001999986}]}, {"resource_id": "Purchasing Agent-000015", "distribution_name": "lognorm", "distribution_params": [{"value": 14652.832501500008}, {"value": 1335091.2791377148}, {"value": 13497.371001000007}, {"value": 15808.29400200001}]}, {"resource_id": "Purchasing Agent-000016", "distribution_name": "expon", "distribution_params": [{"value": 16921.916001000012}, {"value": 15311.073001000012}, {"value": 18532.759001000013}]}, {"resource_id": "Purchasing Agent-000017", "distribution_name": "norm", "distribution_params": [{"value": 10926.610001000008}, {"value": 516.1209999999992}, {"value": 10410.489001000009}, {"value": 11442.731001000007}]}, {"resource_id": "Purchasing Agent-000018", "distribution_name": "uniform", "distribution_params": [{"value": 11483.958001000006}, {"value": 15481.856002999994}]}, {"resource_id": "Purchasing Agent-000019", "distribution_name": "uniform", "distribution_params": [{"value": 13884.14100100001}, {"value": 18000.000002999994}]}, {"resource_id": "Purchasing Agent-000020", "distribution_name": "uniform", "distribution_params": [{"value": 8008.923001000003}, {"value": 17556.748001000014}]}, {"resource_id": "Purchasing Agent-000021", "distribution_name": "fix", "distribution_params": [{"value": 22321.255001000012}]}, {"resource_id": "Purchasing Agent-000022", "distribution_name": "expon", "distribution_params": [{"value": 13713.422668333335}, {"value": 9473.615001000013}, {"value": 24629.693001000007}]}]}, {"task_id": "node23", "resources": [{"resource_id": "Purchasing Agent-000001", "distribution_name": "expon", "distribution_params": [{"value": 3651.554364113636}, {"value": 0.0}, {"value": 21600.000000999993}]}, {"resource_id": "Purchasing Agent-000002", "distribution_name": "lognorm", "distribution_params": [{"value": 4382.216333999999}, {"value": 59999606.11601266}, {"value": 0.0}, {"value": 47235.434006000054}]}, {"resource_id": "Purchasing Agent-000003", "distribution_name": "gamma", "distribution_params": [{"value": 2660.6463420243904}, {"value": 8243514.803655922}, {"value": 0.0}, {"value": 12269.834000999996}]}, {"resource_id": "Purchasing Agent-000004", "distribution_name": "expon", "distribution_params": [{"value": 4974.9356006}, {"value": 0.0}, {"value": 50385.706003}]}, {"resource_id": "Purchasing Agent-000005", "distribution_name": "gamma", "distribution_params": [{"value": 3838.468020399999}, {"value": 23466544.114181735}, {"value": 0.0}, {"value": 22022.713}]}, {"resource_id": "Purchasing Agent-000006", "distribution_name": "expon", "distribution_params": [{"value": 5637.575035614033}, {"value": 0.0}, {"value": 25425.144001}]}, {"resource_id": "Purchasing Agent-000007", "distribution_name": "expon", "distribution_params": [{"value": 3646.7851434999984}, {"value": 0.0}, {"value": 17788.728002000018}]}, {"resource_id": "Purchasing Agent-000008", "distribution_name": "gamma", "distribution_params": [{"value": 5298.694604666664}, {"value": 47802228.0799611}, {"value": 0.0}, {"value": 39600.00000399997}]}, {"resource_id": "Purchasing Agent-000009", "distribution_name": "gamma", "distribution_params": [{"value": 5042.14108056}, {"value": 39276422.822561674}, {"value": 0.0}, {"value": 27905.967000999997}]}, {"resource_id": "Purchasing Agent-000010", "distribution_name": "lognorm", "distribution_params": [{"value": 4293.362807491227}, {"value": 35455727.239256315}, {"value": 0.0}, {"value": 39896.041001000005}]}, {"resource_id": "Purchasing Agent-000011", "distribution_name": "gamma", "distribution_params": [{"value": 3632.8772180217384}, {"value": 20414210.16418602}, {"value": 0.0}, {"value": 18000.000001000008}]}, {"resource_id": "Purchasing Agent-000012", "distribution_name": "lognorm", "distribution_params": [{"value": 4700.179604541667}, {"value": 37904462.54006514}, {"value": 0.0}, {"value": 37983.04600200002}]}, {"resource_id": "Purchasing Agent-000013", "distribution_name": "lognorm", "distribution_params": [{"value": 4424.577375395832}, {"value": 19595237.724303667}, {"value": 0.0}, {"value": 18000.000001000008}]}, {"resource_id": "Purchasing Agent-000014", "distribution_name": "expon", "distribution_params": [{"value": 4338.2093338666655}, {"value": 0.0}, {"value": 18000.000001999986}]}, {"resource_id": "Purchasing Agent-000015", "distribution_name": "lognorm", "distribution_params": [{"value": 5306.254762714288}, {"value": 34167647.964963205}, {"value": 0.0}, {"value": 25285.803005000053}]}, {"resource_id": "Purchasing Agent-000016", "distribution_name": "expon", "distribution_params": [{"value": 5264.329875482143}, {"value": 0.0}, {"value": 39817.92400400003}]}, {"resource_id": "Purchasing Agent-000017", "distribution_name": "expon", "distribution_params": [{"value": 3251.945224999999}, {"value": 0.0}, {"value": 21600.000001999986}]}, {"resource_id": "Purchasing Agent-000018", "distribution_name": "gamma", "distribution_params": [{"value": 4122.527673480769}, {"value": 31388318.922186688}, {"value": 0.0}, {"value": 35840.544004000025}]}, {"resource_id": "Purchasing Agent-000019", "distribution_name": "expon", "distribution_params": [{"value": 4664.622625482141}, {"value": 0.0}, {"value": 21488.746001}]}, {"resource_id": "Purchasing Agent-000020", "distribution_name": "expon", "distribution_params": [{"value": 3497.532956066664}, {"value": 0.0}, {"value": 13626.740000999998}]}, {"resource_id": "Purchasing Agent-000021", "distribution_name": "gamma", "distribution_params": [{"value": 5093.477897086207}, {"value": 35729746.534284264}, {"value": 0.0}, {"value": 26612.954004}]}, {"resource_id": "Purchasing Agent-000022", "distribution_name": "lognorm", "distribution_params": [{"value": 5622.408209767441}, {"value": 39629261.78680854}, {"value": 0.0}, {"value": 31329.325001999998}]}]}, {"task_id": "node28", "resources": [{"resource_id": "Purchasing Manager-000001", "distribution_name": "gamma", "distribution_params": [{"value": 1465.2738692023802}, {"value": 2980992.642669732}, {"value": 0.0}, {"value": 7609.717}]}, {"resource_id": "Purchasing Manager-000002", "distribution_name": "expon", "distribution_params": [{"value": 1274.8803978749995}, {"value": 0.0}, {"value": 5880.977000000001}]}, {"resource_id": "Purchasing Manager-000003", "distribution_name": "gamma", "distribution_params": [{"value": 1302.5764784130429}, {"value": 1738082.578156252}, {"value": 0.0}, {"value": 5386.168}]}, {"resource_id": "Purchasing Manager-000004", "distribution_name": "gamma", "distribution_params": [{"value": 988.6713334}, {"value": 1840314.819735392}, {"value": 0.0}, {"value": 5055.751}]}, {"resource_id": "Purchasing Manager-000005", "distribution_name": "expon", "distribution_params": [{"value": 1047.4694254137924}, {"value": 0.0}, {"value": 5683.504}]}, {"resource_id": "Purchasing Manager-000006", "distribution_name": "gamma", "distribution_params": [{"value": 1113.915879252747}, {"value": 2200571.229870831}, {"value": 0.0}, {"value": 7117.8610009999975}]}, {"resource_id": "Purchasing Manager-000007", "distribution_name": "expon", "distribution_params": [{"value": 1204.0622968791201}, {"value": 0.0}, {"value": 5487.111}]}, {"resource_id": "Purchasing Manager-000008", "distribution_name": "gamma", "distribution_params": [{"value": 991.8934837472515}, {"value": 2075902.5308938003}, {"value": 0.0}, {"value": 6456.873}]}, {"resource_id": "Purchasing Manager-000009", "distribution_name": "gamma", "distribution_params": [{"value": 1048.787310471264}, {"value": 1973473.8330639915}, {"value": 0.0}, {"value": 6134.48}]}, {"resource_id": "Purchasing Manager-000010", "distribution_name": "expon", "distribution_params": [{"value": 1060.2183296931814}, {"value": 0.0}, {"value": 6009.891}]}, {"resource_id": "Purchasing Manager-000011", "distribution_name": "gamma", "distribution_params": [{"value": 913.0041011573035}, {"value": 2110583.3954782933}, {"value": 0.0}, {"value": 8342.927}]}, {"resource_id": "Purchasing Manager-000012", "distribution_name": "gamma", "distribution_params": [{"value": 1032.4587473516478}, {"value": 1667105.6399852494}, {"value": 0.0}, {"value": 5025.404001000003}]}]}, {"task_id": "node15", "resources": [{"resource_id": "Requester Manager-000001", "distribution_name": "uniform", "distribution_params": [{"value": 300.916}, {"value": 893.871}]}, {"resource_id": "Requester Manager-000002", "distribution_name": "uniform", "distribution_params": [{"value": 300.206}, {"value": 898.43}]}, {"resource_id": "Requester Manager-000003", "distribution_name": "uniform", "distribution_params": [{"value": 300.711}, {"value": 898.167}]}]}, {"task_id": "node6", "resources": [{"resource_id": "Requester Manager-000001", "distribution_name": "gamma", "distribution_params": [{"value": 328.76984256595716}, {"value": 135639.0379721614}, {"value": 0.383}, {"value": 2616.672}]}, {"resource_id": "Requester Manager-000002", "distribution_name": "expon", "distribution_params": [{"value": 372.4714636590907}, {"value": 3.537}, {"value": 1664.394}]}, {"resource_id": "Requester Manager-000003", "distribution_name": "expon", "distribution_params": [{"value": 343.98927885576927}, {"value": 1.6640000000000001}, {"value": 1239.245}]}]}, {"task_id": "node8", "resources": [{"resource_id": "Requester Manager-000001", "distribution_name": "norm", "distribution_params": [{"value": 914.7942922968035}, {"value": 484.627565198305}, {"value": 64.529}, {"value": 1798.857}]}, {"resource_id": "Requester Manager-000002", "distribution_name": "uniform", "distribution_params": [{"value": 62.336}, {"value": 1796.479}]}, {"resource_id": "Requester Manager-000003", "distribution_name": "uniform", "distribution_params": [{"value": 62.14}, {"value": 1785.466}]}]}, {"task_id": "node24", "resources": [{"resource_id": "Requester Manager-000001", "distribution_name": "lognorm", "distribution_params": [{"value": 1235.8598001333328}, {"value": 58808.926920091566}, {"value": 728.59}, {"value": 1605.969}]}, {"resource_id": "Requester Manager-000002", "distribution_name": "uniform", "distribution_params": [{"value": 733.945}, {"value": 1574.08}]}, {"resource_id": "Requester Manager-000003", "distribution_name": "uniform", "distribution_params": [{"value": 725.067}, {"value": 1598.193}]}]}, {"task_id": "node26", "resources": [{"resource_id": "Requester-000001", "distribution_name": "expon", "distribution_params": [{"value": 1570.8934}, {"value": 1387.078}, {"value": 1852.741}]}, {"resource_id": "Requester-000002", "distribution_name": "expon", "distribution_params": [{"value": 1628.9189999999999}, {"value": 1527.734}, {"value": 1792.328}]}, {"resource_id": "Requester-000003", "distribution_name": "expon", "distribution_params": [{"value": 1493.5855}, {"value": 1436.622}, {"value": 1602.539}]}, {"resource_id": "Requester-000004", "distribution_name": "norm", "distribution_params": [{"value": 1431.5780000000002}, {"value": 49.43243106166903}, {"value": 1386.957}, {"value": 1500.494}]}]}, {"task_id": "node3", "resources": [{"resource_id": "Requester-000001", "distribution_name": "uniform", "distribution_params": [{"value": 362.019}, {"value": 2039.845}]}, {"resource_id": "Requester-000002", "distribution_name": "uniform", "distribution_params": [{"value": 367.749}, {"value": 2031.822}]}, {"resource_id": "Requester-000003", "distribution_name": "uniform", "distribution_params": [{"value": 376.236}, {"value": 2028.331}]}, {"resource_id": "Requester-000004", "distribution_name": "uniform", "distribution_params": [{"value": 370.684}, {"value": 2038.837}]}]}, {"task_id": "node7", "resources": [{"resource_id": "Requester-000001", "distribution_name": "fix", "distribution_params": [{"value": 300.0}]}, {"resource_id": "Requester-000002", "distribution_name": "fix", "distribution_params": [{"value": 300.0}]}, {"resource_id": "Requester-000003", "distribution_name": "fix", "distribution_params": [{"value": 300.0}]}, {"resource_id": "Requester-000004", "distribution_name": "fix", "distribution_params": [{"value": 300.0}]}]}, {"task_id": "node29", "resources": [{"resource_id": "Requester-000001", "distribution_name": "uniform", "distribution_params": [{"value": 4.075}, {"value": 1776.56}]}, {"resource_id": "Requester-000002", "distribution_name": "uniform", "distribution_params": [{"value": 8.566}, {"value": 1797.222}]}, {"resource_id": "Requester-000003", "distribution_name": "uniform", "distribution_params": [{"value": 9.539}, {"value": 1797.25}]}, {"resource_id": "Requester-000004", "distribution_name": "uniform", "distribution_params": [{"value": 2.934}, {"value": 1796.003}]}]}, {"task_id": "node22", "resources": [{"resource_id": "Requester-000001", "distribution_name": "gamma", "distribution_params": [{"value": 599.024875}, {"value": 80417.3307006302}, {"value": 3.12}, {"value": 1243.701}]}, {"resource_id": "Requester-000002", "distribution_name": "norm", "distribution_params": [{"value": 589.6177438264464}, {"value": 304.49095368753837}, {"value": 2.108}, {"value": 1340.102}]}, {"resource_id": "Requester-000003", "distribution_name": "norm", "distribution_params": [{"value": 592.6538349708738}, {"value": 273.29572563760087}, {"value": 62.941}, {"value": 1285.559}]}, {"resource_id": "Requester-000004", "distribution_name": "norm", "distribution_params": [{"value": 562.7363267425741}, {"value": 249.52579744010504}, {"value": 15.415}, {"value": 1104.188}]}]}, {"task_id": "node4", "resources": [{"resource_id": "Requester-000001", "distribution_name": "fix", "distribution_params": [{"value": 60.0}]}, {"resource_id": "Requester-000002", "distribution_name": "fix", "distribution_params": [{"value": 60.0}]}, {"resource_id": "Requester-000003", "distribution_name": "fix", "distribution_params": [{"value": 60.0}]}, {"resource_id": "Requester-000004", "distribution_name": "fix", "distribution_params": [{"value": 60.0}]}]}, {"task_id": "node9", "resources": [{"resource_id": "Supplier-000001", "distribution_name": "gamma", "distribution_params": [{"value": 587.0182423021514}, {"value": 311156.69846767717}, {"value": 0.48}, {"value": 3808.099}]}]}], "model_type": "CRISP", "granule_size": {"value": 60, "time_unit": "MINUTES"}}