started_at,2016-04-16 10:00:00+00:00
completed_at,2016-07-25 08:16:11.891012+00:00
""
Resource Utilization
Resource ID,Resource name,Utilization Ratio,Tasks Allocated,Worked Time (seconds),Available Time (seconds),Pool ID,Pool name
1,1,0.0,20,0,151200.0,1_profile,1_profile
1007,1007,2.2862906349121315,18,806603.335997,352800.0,1007_profile,1007_profile
10183,10183,0.0,8,0,1364399.972,10183_profile,10183_profile
10296,10296,0.0012215145904444506,8,1666.634473,1364399.972,10296_profile,10296_profile
10348,10348,0.0,8,0,1364399.972,10348_profile,10348_profile
10726,10726,0.09715989690008583,16,132564.96061,1364399.972,10726_profile,10726_profile
10923,10923,0.1554121880215049,28,212044.384985,1364399.972,10923_profile,10923_profile
10962,10962,0.0,8,0,1364399.972,10962_profile,10962_profile
10995,10995,0.0,8,0,1364399.972,10995_profile,10995_profile
11041,11041,0.03214091729181009,24,43853.066653,1364399.972,11041_profile,11041_profile
11174,11174,0.005358147026552416,8,7310.655653,1364399.972,11174_profile,11174_profile
11181,11181,0.04965944699022612,8,67755.348083,1364399.972,11181_profile,11181_profile
11197,11197,0.0,24,0,1364399.972,11197_profile,11197_profile
11204,11204,0.0,36,0,158400.0,11204_profile,11204_profile
11218,11218,0.0,8,0,1364399.972,11218_profile,11218_profile
11327,11327,0.01740678560787892,8,23749.817796,1364399.972,11327_profile,11327_profile
1134,1134,0.0,8,0,1364399.972,1134_profile,1134_profile
11349,11349,0.0,8,0,1364399.972,11349_profile,11349_profile
11353,11353,0.0,8,0,1364399.972,11353_profile,11353_profile
11509,11509,0.0,8,0,1364399.972,11509_profile,11509_profile
11583,11583,0.0,8,0,1364399.972,11583_profile,11583_profile
11614,11614,0.0,8,0,1364399.972,11614_profile,11614_profile
11692,11692,0.0,8,0,1364399.972,11692_profile,11692_profile
11706,11706,0.0,8,0,1364399.972,11706_profile,11706_profile
11759,11759,0.0,8,0,1364399.972,11759_profile,11759_profile
11760,11760,0.0,8,0,1364399.972,11760_profile,11760_profile
11775,11775,0.0,8,0,1364399.972,11775_profile,11775_profile
11811,11811,0.0,8,0,1364399.972,11811_profile,11811_profile
11854,11854,0.0,8,0,1364399.972,11854_profile,11854_profile
11959,11959,0.0,8,0,1364399.972,11959_profile,11959_profile
11973,11973,0.0761527690906461,8,103902.83601500001,1364399.972,11973_profile,11973_profile
12006,12006,0.14615786821197618,8,199417.791296,1364399.972,12006_profile,12006_profile
12129,12129,0.0,8,0,1364399.972,12129_profile,12129_profile
12196,12196,0.0,22,0,1364399.972,12196_profile,12196_profile
12548,12548,0.3332852257292483,22,454734.35265300004,1364399.972,12548_profile,12548_profile
12814,12814,0.0,8,0,1364399.972,12814_profile,12814_profile
12836,12836,0.0,8,0,1364399.972,12836_profile,12836_profile
12915,12915,0.10035032264717753,8,136917.97741,1364399.972,12915_profile,12915_profile
1314,1314,0.0,26,0,1364399.972,1314_profile,1314_profile
1343,1343,0.1999460854828069,20,272806.43343425135,1364399.972,1343_profile,1343_profile
13733,13733,0.0,8,0,1364399.972,13733_profile,13733_profile
14126,14126,0.0,8,0,1364399.972,14126_profile,14126_profile
14128,14128,0.00808584351466111,22,11032.324665,1364399.972,14128_profile,14128_profile
1422,1422,0.26676325533449646,18,363971.77810901584,1364399.972,1422_profile,1422_profile
1471,1471,0.0,8,0,1364399.972,1471_profile,1471_profile
15057,15057,0.0,8,0,1364399.972,15057_profile,15057_profile
1515,1515,0.10181964240834797,8,138922.717251,1364399.972,1515_profile,1515_profile
15315,15315,0.038054372618383486,8,51921.384934999995,1364399.972,15315_profile,15315_profile
15547,15547,0.07914893989238515,8,107990.81137299999,1364399.972,15547_profile,15547_profile
157,157,2.008213646031746,4,303641.90327999997,151200.0,157_profile,157_profile
15862,15862,0.021130167540783267,8,28830.000001,1364399.972,15862_profile,15862_profile
15884,15884,0.0,22,0,1364399.972,15884_profile,15884_profile
15930,15930,1.0077460113217338,20,660275.186618,655200.0,15930_profile,15930_profile
15957,15957,0.032043587008370296,8,43720.269217,1364399.972,15957_profile,15957_profile
16273,16273,0.0010553827921069468,8,1439.964252,1364399.972,16273_profile,16273_profile
163,163,0.0,16,0,1364399.972,163_profile,163_profile
16695,16695,0.1304141973970958,8,177937.127277,1364399.972,16695_profile,16695_profile
1684,1684,0.049407111068894095,8,67411.060959,1364399.972,1684_profile,1684_profile
1707,1707,0.21159297198070898,30,288697.44504587614,1364399.972,1707_profile,1707_profile
17296,17296,0.0,16,0,50400.0,17296_profile,17296_profile
17525,17525,0.0,8,0,1364399.972,17525_profile,17525_profile
17642,17642,0.0,8,0,1364399.972,17642_profile,17642_profile
17769,17769,0.0,8,0,1364399.972,17769_profile,17769_profile
1792,1792,0.0,8,0,1364399.972,1792_profile,1792_profile
17965,17965,0.0,8,0,1364399.972,17965_profile,17965_profile
18289,18289,0.0,8,0,1364399.972,18289_profile,18289_profile
18760,18760,0.0,8,0,1364399.972,18760_profile,18760_profile
18929,18929,0.4503805629138491,24,614499.227429,1364399.972,18929_profile,18929_profile
19019,19019,0.23275416619973,34,283215.2661732731,1216799.9859999998,19019_profile,19019_profile
1910,1910,0.0,8,0,1364399.972,1910_profile,1910_profile
19214,19214,0.01940775307125263,8,26479.937747,1364399.972,19214_profile,19214_profile
1934,1934,0.0,8,0,1364399.972,1934_profile,1934_profile
19582,19582,0.0,8,0,1364399.972,19582_profile,19582_profile
1959,1959,0.0,8,0,1364399.972,1959_profile,1959_profile
1995,1995,0.0,22,0,1364399.972,1995_profile,1995_profile
20194,20194,0.15817807366607012,8,215818.15928100003,1364399.972,20194_profile,20194_profile
2091,2091,0.0,8,0,1364399.972,2091_profile,2091_profile
2133,2133,0.0,8,0,1364399.972,2133_profile,2133_profile
2144,2144,0.0,8,0,1364399.972,2144_profile,2144_profile
2150,2150,0.0,8,0,1364399.972,2150_profile,2150_profile
22074,22074,0.0,22,0,1364399.972,22074_profile,22074_profile
22404,22404,0.12437257902338454,28,169693.94333707367,1364399.972,22404_profile,22404_profile
22438,22438,0.12448912834369594,16,169852.96322644316,1364399.972,22438_profile,22438_profile
22439,22439,1.8641822761190472,12,469773.9335819999,252000.0,22439_profile,22439_profile
22475,22475,0.5041453643269419,32,410172.6684164,813600.0,22475_profile,22475_profile
22478,22478,0.1460816467738831,16,199313.794768,1364399.972,22478_profile,22478_profile
22491,22491,0.04358581295030985,22,59468.481969,1364399.972,22491_profile,22491_profile
22496,22496,0.3454280935414737,16,471302.0811560001,1364399.972,22496_profile,22496_profile
22529,22529,0.0,8,0,1364399.972,22529_profile,22529_profile
22543,22543,0.0,8,0,1364399.972,22543_profile,22543_profile
22624,22624,0.0,22,0,1364399.972,22624_profile,22624_profile
22736,22736,0.06735513105683354,8,91899.33892800001,1364399.972,22736_profile,22736_profile
2274,2274,0.0,8,0,1364399.972,2274_profile,2274_profile
22795,22795,0.0929542987853418,22,126826.84266,1364399.972,22795_profile,22795_profile
22829,22829,0.2508085063600397,20,342203.119055,1364399.972,22829_profile,22829_profile
2292,2292,0.0,30,0,1364399.972,2292_profile,2292_profile
23530,23530,0.0,8,0,1364399.972,23530_profile,23530_profile
23934,23934,0.0,8,0,1364399.972,23934_profile,23934_profile
23978,23978,0.0,8,0,1364399.972,23978_profile,23978_profile
241,241,0.2677690449625804,28,365344.07744941144,1364399.972,241_profile,241_profile
24517,24517,0.009498614400440634,8,12959.909222,1364399.972,24517_profile,24517_profile
24519,24519,2.272061025811865e-05,8,31.0,1364399.972,24519_profile,24519_profile
2453,2453,0.0,8,0,1364399.972,2453_profile,2453_profile
24544,24544,0.0,22,0,1364399.972,24544_profile,24544_profile
2541,2541,0.1543578392034701,16,210605.83148719513,1364399.972,2541_profile,2541_profile
26147,26147,0.02627216965011782,8,35845.747535,1364399.972,26147_profile,26147_profile
26248,26248,0.0,8,0,1364399.972,26248_profile,26248_profile
26298,26298,0.018520227984144228,8,25268.998543,1364399.972,26298_profile,26298_profile
26348,26348,0.0,8,0,1364399.972,26348_profile,26348_profile
2649,2649,0.0,8,0,1364399.972,2649_profile,2649_profile
26759,26759,0.12276119832476806,8,167495.375557,1364399.972,26759_profile,26759_profile
26763,26763,0.0,18,0,1364399.972,26763_profile,26763_profile
26767,26767,0.0,18,0,1364399.972,26767_profile,26767_profile
26780,26780,0.0736033867794597,8,100424.45886099999,1364399.972,26780_profile,26780_profile
26789,26789,0.0663216101656443,4,90489.203053,1364399.972,26789_profile,26789_profile
26796,26796,0.8088106494618132,14,1103541.2274789999,1364399.972,26796_profile,26796_profile
2804,2804,0.008995713220375234,8,12273.750866,1364399.972,2804_profile,2804_profile
2834,2834,0.0,8,0,1364399.972,2834_profile,2834_profile
2925,2925,0.0,8,0,1364399.972,2925_profile,2925_profile
294,294,0.05745499704686302,30,78391.596362,1364399.972,294_profile,294_profile
29704,29704,0.0,4,0,50400.0,29704_profile,29704_profile
2981,2981,0.013112663764405298,22,17890.918073000004,1364399.972,2981_profile,2981_profile
3019,3019,0.0,8,0,1364399.972,3019_profile,3019_profile
305,305,0.0,8,0,1364399.972,305_profile,305_profile
3057,3057,0.0,8,0,1364399.972,3057_profile,3057_profile
3296,3296,0.16010614112428315,8,218448.814467,1364399.972,3296_profile,3296_profile
3409,3409,0.0,8,0,1364399.972,3409_profile,3409_profile
3421,3421,0.1613451019016878,8,220139.252517,1364399.972,3421_profile,3421_profile
3445,3445,3.5866267937689478,18,903829.901817,251999.98600000006,3445_profile,3445_profile
3502,3502,0.0,8,0,1364399.972,3502_profile,3502_profile
3510,3510,0.0,4,0,50400.0,3510_profile,3510_profile
3656,3656,0.07849268383679568,8,107095.41562912888,1364399.972,3656_profile,3656_profile
3703,3703,0.0,8,0,1364399.972,3703_profile,3703_profile
3729,3729,0.0,8,0,1364399.972,3729_profile,3729_profile
3747,3747,0.8401017246130952,6,84682.253841,100800.0,3747_profile,3747_profile
387,387,0.0931775646975106,30,127131.46666431165,1364399.972,387_profile,387_profile
3917,3917,0.0,8,0,1364399.972,3917_profile,3917_profile
397,397,0.0,8,0,1364399.972,397_profile,397_profile
4067,4067,0.0,16,0,1364399.972,4067_profile,4067_profile
410,410,0.0,26,0,1364399.972,410_profile,410_profile
4126,4126,0.0,8,0,1364399.972,4126_profile,4126_profile
4130,4130,0.0,8,0,1364399.972,4130_profile,4130_profile
4148,4148,0.0,8,0,1364399.972,4148_profile,4148_profile
4457,4457,0.0,8,0,1364399.972,4457_profile,4457_profile
448,448,0.0,28,0,1364399.972,448_profile,448_profile
4560,4560,0.20245765847978195,20,276233.2235610001,1364399.972,4560_profile,4560_profile
4701,4701,0.0,8,0,1364399.972,4701_profile,4701_profile
4708,4708,0.00791991414816593,8,10805.930642,1364399.972,4708_profile,4708_profile
4765,4765,0.0,8,0,1364399.972,4765_profile,4765_profile
4834,4834,0.06998443419859583,8,95486.76006100001,1364399.972,4834_profile,4834_profile
4867,4867,0.0,8,0,1364399.972,4867_profile,4867_profile
49,49,0.2733467211061663,26,372954.2586235452,1364399.972,49_profile,49_profile
4905,4905,0.0,8,0,1364399.972,4905_profile,4905_profile
4912,4912,0.0,8,0,1364399.972,4912_profile,4912_profile
4918,4918,0.0,8,0,1364399.972,4918_profile,4918_profile
4924,4924,0.0,8,0,1364399.972,4924_profile,4924_profile
5064,5064,0.08621363815082222,8,117629.88547899999,1364399.972,5064_profile,5064_profile
5151,5151,0.0,8,0,1364399.972,5151_profile,5151_profile
5183,5183,0.0,8,0,1364399.972,5183_profile,5183_profile
5189,5189,0.08832048069918899,8,120504.461393,1364399.972,5189_profile,5189_profile
5221,5221,0.0,8,0,1364399.972,5221_profile,5221_profile
5275,5275,0.004387130314306397,8,5985.800478,1364399.972,5275_profile,5275_profile
528,528,0.0,8,0,1364399.972,528_profile,528_profile
5290,5290,0.0,8,0,1364399.972,5290_profile,5290_profile
5292,5292,0.0,8,0,1364399.972,5292_profile,5292_profile
5330,5330,0.0,8,0,1364399.972,5330_profile,5330_profile
5396,5396,0.1031211994857766,8,140698.561691,1364399.972,5396_profile,5396_profile
5488,5488,0.0,8,0,1364399.972,5488_profile,5488_profile
5506,5506,0.0,22,0,1364399.972,5506_profile,5506_profile
5571,5571,0.0,8,0,1364399.972,5571_profile,5571_profile
5573,5573,0.01799128979533576,8,24547.315293,1364399.972,5573_profile,5573_profile
5588,5588,0.0,22,0,1364399.972,5588_profile,5588_profile
559,559,0.3430897554621175,20,468111.652746,1364399.972,559_profile,559_profile
5593,5593,0.0,8,0,1364399.972,5593_profile,5593_profile
5667,5667,0.0,8,0,1364399.972,5667_profile,5667_profile
5714,5714,0.0,8,0,1364399.972,5714_profile,5714_profile
5778,5778,0.0,8,0,1364399.972,5778_profile,5778_profile
5793,5793,0.0,8,0,1364399.972,5793_profile,5793_profile
5802,5802,0.037473196416189895,26,51128.428141,1364399.972,5802_profile,5802_profile
5883,5883,0.0,8,0,1364399.972,5883_profile,5883_profile
6004,6004,0.525674616114418,6,158964.003913,302400.0,6004_profile,6004_profile
6039,6039,0.0,8,0,1364399.972,6039_profile,6039_profile
6107,6107,0.0,8,0,1364399.972,6107_profile,6107_profile
6159,6159,0.06582806972992346,8,89815.81649632163,1364399.972,6159_profile,6159_profile
6186,6186,0.0,8,0,1364399.972,6186_profile,6186_profile
6204,6204,0.06463774753947298,8,88191.740933,1364399.972,6204_profile,6204_profile
6400,6400,0.10756883318962719,22,146766.91299200003,1364399.972,6400_profile,6400_profile
6426,6426,0.0,8,0,1364399.972,6426_profile,6426_profile
6437,6437,0.0,22,0,1364399.972,6437_profile,6437_profile
6469,6469,0.0,8,0,1364399.972,6469_profile,6469_profile
659,659,0.11274996221415931,28,153836.04528800002,1364399.972,659_profile,659_profile
6639,6639,0.0,8,0,1364399.972,6639_profile,6639_profile
669,669,0.0,28,0,1364399.972,669_profile,669_profile
6694,6694,0.1548298744035741,26,211249.876301,1364399.972,6694_profile,6694_profile
6723,6723,0.0,8,0,1364399.972,6723_profile,6723_profile
6767,6767,0.12795662893858128,28,174584.02094101472,1364399.972,6767_profile,6767_profile
677,677,0.4288102552458101,32,412172.40533558535,961199.9719999996,677_profile,677_profile
6799,6799,0.0,18,0,1364399.972,6799_profile,6799_profile
6876,6876,0.0,8,0,1364399.972,6876_profile,6876_profile
6889,6889,0.29398341736187017,22,401110.966417,1364399.972,6889_profile,6889_profile
695,695,0.0,26,0,1364399.972,695_profile,695_profile
6952,6952,0.37048642703504836,16,505491.67067300004,1364399.972,6952_profile,6952_profile
6954,6954,0.11892295235843055,24,162258.47286799998,1364399.972,6954_profile,6954_profile
6958,6958,0.0,16,0,1364399.972,6958_profile,6958_profile
6971,6971,0.05813353314624664,20,79317.390997,1364399.972,6971_profile,6971_profile
6979,6979,0.1415543490067724,22,193136.74982131852,1364399.972,6979_profile,6979_profile
6985,6985,0.12193814000312869,14,166372.39480600087,1364399.972,6985_profile,6985_profile
6987,6987,0.0,8,0,1364399.972,6987_profile,6987_profile
6990,6990,0.0,18,0,1364399.972,6990_profile,6990_profile
6995,6995,0.0,16,0,1364399.972,6995_profile,6995_profile
7007,7007,0.0,8,0,1364399.972,7007_profile,7007_profile
7019,7019,0.0,24,0,1364399.972,7019_profile,7019_profile
7071,7071,0.07237168893756031,22,98743.93036,1364399.972,7071_profile,7071_profile
7080,7080,0.21986164630982566,28,299979.22406900005,1364399.972,7080_profile,7080_profile
7088,7088,0.0,14,0,1364399.972,7088_profile,7088_profile
716,716,0.07326530076709069,28,99963.17431519012,1364399.972,716_profile,716_profile
7297,7297,0.2435034414484186,26,332236.088694126,1364399.972,7297_profile,7297_profile
7299,7299,0.013777031435717905,14,18797.38130513663,1364399.972,7299_profile,7299_profile
7304,7304,0.2676371626882443,16,365164.13727799995,1364399.972,7304_profile,7304_profile
7311,7311,0.27811806838119757,16,379464.28471200005,1364399.972,7311_profile,7311_profile
7314,7314,0.1122631996313125,16,153171.9064335932,1364399.972,7314_profile,7314_profile
7316,7316,0.014282989056672303,16,19487.709869,1364399.972,7316_profile,7316_profile
7320,7320,0.0,24,0,1364399.972,7320_profile,7320_profile
7323,7323,0.2124980141922782,16,289932.284614,1364399.972,7323_profile,7323_profile
7324,7324,0.2259778631503812,16,308324.19015499996,1364399.972,7324_profile,7324_profile
7331,7331,0.04822004408545234,16,65791.42680002995,1364399.972,7331_profile,7331_profile
7369,7369,0.0,16,0,1364399.972,7369_profile,7369_profile
7387,7387,0.006302650488474211,22,8599.33615,1364399.972,7387_profile,7387_profile
7394,7394,0.11828610751979697,22,161389.561788,1364399.972,7394_profile,7394_profile
7423,7423,0.07938843607877177,8,108317.579963,1364399.972,7423_profile,7423_profile
7490,7490,0.021222668839222168,8,28956.208769999997,1364399.972,7490_profile,7490_profile
7492,7492,0.0,8,0,1364399.972,7492_profile,7492_profile
7573,7573,0.5829247026487039,16,795342.447972,1364399.972,7573_profile,7573_profile
7611,7611,0.0,8,0,1364399.972,7611_profile,7611_profile
7638,7638,0.0,8,0,1364399.972,7638_profile,7638_profile
7664,7664,0.0,8,0,1364399.972,7664_profile,7664_profile
7682,7682,0.17263258355153352,22,235539.89216400002,1364399.972,7682_profile,7682_profile
7736,7736,0.15425515000890075,22,210465.722353,1364399.972,7736_profile,7736_profile
7763,7763,0.03183660748372106,16,43437.86635936401,1364399.972,7763_profile,7763_profile
7770,7770,0.0,8,0,1364399.972,7770_profile,7770_profile
7775,7775,0.05774126681673663,22,78782.18282799999,1364399.972,7775_profile,7775_profile
7836,7836,0.0,22,0,1364399.972,7836_profile,7836_profile
7897,7897,0.0,8,0,1364399.972,7897_profile,7897_profile
8022,8022,0.0,8,0,1364399.972,8022_profile,8022_profile
8033,8033,0.013987915484214035,8,19085.111494999997,1364399.972,8033_profile,8033_profile
8064,8064,0.0,22,0,1364399.972,8064_profile,8064_profile
8065,8065,0.027081139123623494,8,36949.505462,1364399.972,8065_profile,8065_profile
8112,8112,0.0,20,0,1364399.972,8112_profile,8112_profile
8121,8121,0.0,22,0,1364399.972,8121_profile,8121_profile
8142,8142,0.0,8,0,1364399.972,8142_profile,8142_profile
8160,8160,0.01055680122441398,8,14403.699295,1364399.972,8160_profile,8160_profile
8177,8177,0.0,8,0,1364399.972,8177_profile,8177_profile
8186,8186,0.0,8,0,1364399.972,8186_profile,8186_profile
8213,8213,0.1623649466059942,22,221530.728603,1364399.972,8213_profile,8213_profile
8225,8225,0.0,8,0,1364399.972,8225_profile,8225_profile
8248,8248,0.060383916357922646,6,82387.813788,1364399.972,8248_profile,8248_profile
8268,8268,0.0,8,0,1364399.972,8268_profile,8268_profile
8371,8371,0.0,8,0,1364399.972,8371_profile,8371_profile
8416,8416,0.0,8,0,1364399.972,8416_profile,8416_profile
8428,8428,0.0,8,0,1364399.972,8428_profile,8428_profile
8443,8443,0.033035640718262926,22,45073.827271,1364399.972,8443_profile,8443_profile
8450,8450,0.0,8,0,1364399.972,8450_profile,8450_profile
8455,8455,0.06684662148981634,22,91205.528489,1364399.972,8455_profile,8455_profile
8461,8461,0.0,6,0,1364399.972,8461_profile,8461_profile
8528,8528,0.09780687609908569,20,133447.699011,1364399.972,8528_profile,8528_profile
8536,8536,0.0,6,0,1364399.972,8536_profile,8536_profile
8556,8556,0.008207357755647916,6,11198.118692,1364399.972,8556_profile,8556_profile
8587,8587,0.0,6,0,1364399.972,8587_profile,8587_profile
8588,8588,0.0,6,0,1364399.972,8588_profile,8588_profile
8651,8651,0.3311626556893538,14,451838.31815,1364399.972,8651_profile,8651_profile
8655,8655,0.0,6,0,1364399.972,8655_profile,8655_profile
8736,8736,0.0,6,0,1364399.972,8736_profile,8736_profile
8744,8744,0.0,6,0,1364399.972,8744_profile,8744_profile
8772,8772,0.11690850827941822,6,159509.965423,1364399.972,8772_profile,8772_profile
8786,8786,0.0,6,0,1364399.972,8786_profile,8786_profile
8797,8797,0.09495355474398968,6,129554.627434,1364399.972,8797_profile,8797_profile
8819,8819,0.060638621935562444,20,82735.33407099999,1364399.972,8819_profile,8819_profile
8824,8824,0.0,6,0,201599.98600000003,8824_profile,8824_profile
8854,8854,0.0,6,0,1364399.972,8854_profile,8854_profile
8916,8916,0.0,22,0,1364399.972,8916_profile,8916_profile
8955,8955,0.060693263767525193,6,82809.887385,1364399.972,8955_profile,8955_profile
8995,8995,0.0,6,0,1364399.972,8995_profile,8995_profile
8997,8997,6.071699871617064,6,612027.347059,100800.0,8997_profile,8997_profile
9154,9154,0.0,6,0,1364399.972,9154_profile,9154_profile
9184,9184,0.0,26,0,1364399.972,9184_profile,9184_profile
920,920,0.20515041495617975,24,279907.22042200004,1364399.972,920_profile,920_profile
9298,9298,0.0,6,0,1364399.972,9298_profile,9298_profile
9336,9336,0.02110694706610563,6,28798.317986000002,1364399.972,9336_profile,9336_profile
9348,9348,0.05742049505846809,6,78344.52185,1364399.972,9348_profile,9348_profile
9384,9384,0.0,6,0,1364399.972,9384_profile,9384_profile
9404,9404,0.055587816316665824,6,75844.015026,1364399.972,9404_profile,9404_profile
9420,9420,0.0786071345829667,6,107251.572224,1364399.972,9420_profile,9420_profile
9427,9427,0.039755759594078906,6,54242.757277,1364399.972,9427_profile,9427_profile
943,943,0.20921097550711468,26,285447.449124,1364399.972,943_profile,943_profile
9433,9433,0.0,6,0,1364399.972,9433_profile,9433_profile
9437,9437,0.02633709330067327,22,35934.329362,1364399.972,9437_profile,9437_profile
9449,9449,0.03513019570994245,6,47931.638043,1364399.972,9449_profile,9449_profile
9477,9477,0.0,6,0,1364399.972,9477_profile,9477_profile
9484,9484,0.0,22,0,1364399.972,9484_profile,9484_profile
9519,9519,0.0,6,0,1364399.972,9519_profile,9519_profile
9531,9531,0.01868916173483454,6,25499.49174771172,1364399.972,9531_profile,9531_profile
955,955,0.020197744038065693,6,27557.8014,1364399.972,955_profile,955_profile
9711,9711,0.013191170228930493,6,17998.032291,1364399.972,9711_profile,9711_profile
9872,9872,0.0,6,0,1364399.972,9872_profile,9872_profile
9886,9886,0.06147105796041455,6,83871.10975999999,1364399.972,9886_profile,9886_profile
9987,9987,0.0,6,0,1364399.972,9987_profile,9987_profile
""
Individual Task Statistics
Name,Count,Min Duration,Max Duration,Avg Duration,Total Duration,Min Waiting Time,Max Waiting Time,Avg Waiting Time,Total Waiting Time,Min Processing Time,Max Processing Time,Avg Processing Time,Total Processing Time,Min Cycle Time,Max Cycle Time,Avg Cycle Time,Total Cycle Time,Min Idle Time,Max Idle Time,Avg Idle Time,Total Idle Time,Min Idle Cycle Time,Max Idle Cycle Time,Avg Idle Cycle Time,Total Idle Cycle Time,Min Idle Processing Time,Max Idle Processing Time,Avg Idle Processing Time,Total Idle Processing Time,Min Cost,Max Cost,Avg Cost,Total Cost
Event_9d6e3ed5-caec-4182-905e-e2f6c4266d40,378,1.7976931348623157e+308,0,0,0,0.0,0,0.0,0.0,0.0,0,0.0,0.0,0.0,0,0.0,0.0,0.0,0,0.0,0.0,0.0,0,0.0,0.0,0.0,0,0.0,0.0,0.0,0,0.0,0.0
Event_c95813d2-7c88-43c4-9461-5e3e439e9a83,206,1.7976931348623157e+308,0,0,0,0.0,0,0.0,0.0,0.0,0,0.0,0.0,0.0,0,0.0,0.0,0.0,0,0.0,0.0,0.0,0,0.0,0.0,0.0,0,0.0,0.0,0.0,0,0.0,0.0
Traer informacion estudiante - banner,378,1.7976931348623157e+308,0,0,0,0.0,21322.758160333888,206.10665538242753,77908.3157345576,0.0,0,0.0,0.0,0.0,21322.758160333888,206.10665538242753,77908.3157345576,0.0,0,0.0,0.0,0.0,21322.758160333888,206.10665538242753,77908.3157345576,0.0,0,0.0,0.0,0.0,0,0.0,0.0
Event_7f3f7ffe-1cc4-4036-a21c-902cbcb37914,378,1.7976931348623157e+308,0,0,0,0.0,0,0.0,0.0,0.0,0,0.0,0.0,0.0,0,0.0,0.0,0.0,0,0.0,0.0,0.0,0,0.0,0.0,0.0,0,0.0,0.0,0.0,0,0.0,0.0
Radicar Solicitud Homologacion,378,1.7976931348623157e+308,0,0,0,0.0,0,0.0,0.0,0.0,2378.000000000051,110.48217361661807,41762.26162708163,0.0,2378.000000000051,110.48217361661807,41762.26162708163,0.0,341853.96356226667,13548.05276748169,5121163.946108079,0.0,341865.6209450001,13658.53494109831,5162926.207735161,0.0,341865.6209450001,13658.53494109831,5162926.207735161,0.0,13.211111111111395,0.6137898534256561,232.01256459489798
Event_8819bc38-3b9b-42e7-866d-2ffb7a410bca,219,1.7976931348623157e+308,0,0,0,0.0,0,0.0,0.0,0.0,0,0.0,0.0,0.0,0,0.0,0.0,0.0,0,0.0,0.0,0.0,0,0.0,0.0,0.0,0,0.0,0.0,0.0,0,0.0,0.0
Validar solicitud,206,1.7976931348623157e+308,0,0,0,0.0,11132.191993871595,129.7103796357987,26720.338204974527,0.0,4552.423278875256,411.6740641377232,84804.85721237097,0.0,11156.82479557799,541.3844437735219,111525.19541734552,0.0,205780.48432120675,14323.995916122018,2950743.1587211355,0.0,209670.734131,14865.380359895544,3062268.354138482,0.0,209670.734131,14735.669980259745,3035548.0159335076,0.0,25.291240438195867,2.2870781340984623,471.1380956242832
Event_48fd0819-3545-4b03-8d16-99e2a5e7fdf9,162,1.7976931348623157e+308,0,0,0,0.0,0,0.0,0.0,0.0,0,0.0,0.0,0.0,0,0.0,0.0,0.0,0,0.0,0.0,0.0,0,0.0,0.0,0.0,0,0.0,0.0,0.0,0,0.0,0.0
Event_2d951743-25a5-4e93-8745-f931c888c913,180,1.7976931348623157e+308,0,0,0,0.0,0,0.0,0.0,0.0,0,0.0,0.0,0.0,0,0.0,0.0,0.0,0,0.0,0.0,0.0,0,0.0,0.0,0.0,0,0.0,0.0,0.0,0,0.0,0.0
Cancelar Solicitud,180,1.7976931348623157e+308,0,0,0,0.0,0,0.0,0.0,0.0,7689.000000000131,669.4654451120161,120503.7801201629,0.0,7689.000000000131,669.4654451120161,120503.7801201629,0.0,151392.867614,14014.744733154663,2522654.0519678392,0.0,159081.8676140001,14684.210178266672,2643157.832088001,0.0,159081.8676140001,14684.210178266672,2643157.832088001,0.0,42.71666666666739,3.7192524728445324,669.4654451120158
Homologacion por grupo de cursos,162,1.7976931348623157e+308,0,0,0,0.0,0,0.0,0.0,0.0,22146.000000000175,3396.8948444446614,550296.9648000351,0.0,22146.000000000175,3396.8948444446614,550296.9648000351,0.0,273796.17829,37056.77684105428,6003197.848250793,0.0,295942.1782900002,40453.67168549893,6553494.813050826,0.0,295942.1782900002,40453.67168549893,6553494.813050826,0.0,123.0333333333343,18.871638024692558,3057.2053600001946
Event_2d791a5b-6402-4b35-90a0-ea3457d4689e,94,1.7976931348623157e+308,0,0,0,0.0,0,0.0,0.0,0.0,0,0.0,0.0,0.0,0,0.0,0.0,0.0,0,0.0,0.0,0.0,0,0.0,0.0,0.0,0,0.0,0.0,0.0,0,0.0,0.0
Event_1a611235-7779-4626-b64c-68bc848a5489,99,1.7976931348623157e+308,0,0,0,0.0,0,0.0,0.0,0.0,0,0.0,0.0,0.0,0,0.0,0.0,0.0,0,0.0,0.0,0.0,0,0.0,0.0,0.0,0,0.0,0.0,0.0,0,0.0,0.0
Evaluacion curso,99,1.7976931348623157e+308,0,0,0,0.0,0,0.0,0.0,0.0,8247.000000000151,597.5606816345249,59158.507481817964,0.0,8247.000000000151,597.5606816345249,59158.507481817964,0.0,246559.84590719588,15251.875682272188,1509935.6925449467,0.0,247600.62379899994,15849.436363906712,1569094.2000267645,0.0,247600.62379899994,15849.436363906712,1569094.2000267645,0.0,45.81666666666751,3.31978156463625,328.65837489898877
Event_ce3daf4d-0c54-46f5-a6e5-2c1ef8ab9a8c,50,1.7976931348623157e+308,0,0,0,0.0,0,0.0,0.0,0.0,0,0.0,0.0,0.0,0,0.0,0.0,0.0,0,0.0,0.0,0.0,0,0.0,0.0,0.0,0,0.0,0.0,0.0,0,0.0,0.0
Notificacion estudiante cancelacion soli,219,1.7976931348623157e+308,0,0,0,0.0,0,0.0,0.0,0.0,0,0.0,0.0,0.0,0,0.0,0.0,0.0,0,0.0,0.0,0.0,0,0.0,0.0,0.0,0,0.0,0.0,0.0,0,0.0,0.0
Revisar curso,94,1.7976931348623157e+308,0,0,0,0.0,0,0.0,0.0,0.0,1428.2751535317038,78.82027325468647,7409.105685940528,0.0,1428.2751535317038,78.82027325468647,7409.105685940528,0.0,136625.2950713774,7185.200552415519,675408.8519270588,0.0,136700.78497199994,7264.0208256702035,682817.9576129991,0.0,136700.78497199994,7264.0208256702035,682817.9576129991,0.0,7.934861964065021,0.43789040697048043,41.16169825522516
Validacion final,50,1.7976931348623157e+308,0,0,0,0.0,0,0.0,0.0,0.0,764.7841574534104,25.214086473319757,1260.7043236659879,0.0,764.7841574534104,25.214086473319757,1260.7043236659879,0.0,147495.577186,14611.873324048373,730593.6662024186,0.0,147499.57718600007,14637.087410521694,731854.3705260847,0.0,147499.57718600007,14637.087410521694,731854.3705260847,0.0,4.248800874741169,0.14007825818510977,7.003912909255488
Event_d78197e3-a4e7-461d-a8b4-011f08128534,50,1.7976931348623157e+308,0,0,0,0.0,0,0.0,0.0,0.0,0,0.0,0.0,0.0,0,0.0,0.0,0.0,0,0.0,0.0,0.0,0,0.0,0.0,0.0,0,0.0,0.0,0.0,0,0.0,0.0
Visto Bueno Cierre Proceso,50,1.7976931348623157e+308,0,0,0,0.0,0,0.0,0.0,0.0,1776.369051310132,347.07792245909485,17353.896122954742,0.0,1776.369051310132,347.07792245909485,17353.896122954742,0.0,357771.7548748088,44529.31692417609,2226465.8462088048,0.0,357774.6679290002,44876.3948466352,2243819.74233176,0.0,357774.6679290002,44876.3948466352,2243819.74233176,0.0,9.868716951722956,1.9282106803283048,96.41053401641524
Event_69d1f5af-eaca-47be-a2d8-cd458a77a31e,18,1.7976931348623157e+308,0,0,0,0.0,0,0.0,0.0,0.0,0,0.0,0.0,0.0,0,0.0,0.0,0.0,0,0.0,0.0,0.0,0,0.0,0.0,0.0,0,0.0,0.0,0.0,0,0.0,0.0
Event_8de0ee12-288f-4d64-9350-edf40dd3fe9e,6,1.7976931348623157e+308,0,0,0,0.0,0,0.0,0.0,0.0,0,0.0,0.0,0.0,0,0.0,0.0,0.0,0,0.0,0.0,0.0,0,0.0,0.0,0.0,0,0.0,0.0,0.0,0,0.0,0.0
Event_784065d1-e6d0-4f6c-bfdd-372ae568f556,21,1.7976931348623157e+308,0,0,0,0.0,0,0.0,0.0,0.0,0,0.0,0.0,0.0,0,0.0,0.0,0.0,0,0.0,0.0,0.0,0,0.0,0.0,0.0,0,0.0,0.0,0.0,0,0.0,0.0
Recepcion de documentos,6,1.7976931348623157e+308,0,0,0,0.0,0,0.0,0.0,0.0,13580.7828891409,5614.716480364242,33688.29888218545,0.0,13580.7828891409,5614.716480364242,33688.29888218545,0.0,188728.4275038182,60073.80124180234,360442.80745081406,0.0,191920.86388499988,65688.5177221666,394131.10633299954,0.0,191920.86388499988,65688.5177221666,394131.10633299954,0.0,75.44879382856055,31.192869335356903,187.15721601214142
Event_5911ca0e-83b9-4994-a538-6e3423105361,29,1.7976931348623157e+308,0,0,0,0.0,0,0.0,0.0,0.0,0,0.0,0.0,0.0,0,0.0,0.0,0.0,0,0.0,0.0,0.0,0,0.0,0.0,0.0,0,0.0,0.0,0.0,0,0.0,0.0
Transferir Creditos,29,1.7976931348623157e+308,0,0,0,0.0,0,0.0,0.0,0.0,0,0.0,0.0,0.0,0,0.0,0.0,0.0,0,0.0,0.0,0.0,0,0.0,0.0,0.0,0,0.0,0.0,0.0,0,0.0,0.0
Event_3cdc4b28-1373-4fa9-a9d0-673531c45e70,29,1.7976931348623157e+308,0,0,0,0.0,0,0.0,0.0,0.0,0,0.0,0.0,0.0,0,0.0,0.0,0.0,0,0.0,0.0,0.0,0,0.0,0.0,0.0,0,0.0,0.0,0.0,0,0.0,0.0
Transferir creditos homologables,29,1.7976931348623157e+308,0,0,0,0.0,0,0.0,0.0,0.0,0,0.0,0.0,0.0,0,0.0,0.0,0.0,0,0.0,0.0,0.0,0,0.0,0.0,0.0,0,0.0,0.0,0.0,0,0.0,0.0
Cancelar curso,18,1.7976931348623157e+308,0,0,0,0.0,0,0.0,0.0,0.0,7940.000000000378,2847.958896208999,51263.26013176198,0.0,7940.000000000378,2847.958896208999,51263.26013176198,0.0,229713.303988,42963.873708846615,773349.7267592391,0.0,237653.30398800038,45811.83260505561,824612.986891001,0.0,237653.30398800038,45811.83260505561,824612.986891001,0.0,44.11111111111321,15.821993867827773,284.7958896208999
Validar solicitud / pre-homologacion,21,1.7976931348623157e+308,0,0,0,0.0,0,0.0,0.0,0.0,702.7624401756839,69.27202412763125,1454.7125066802564,0.0,702.7624401756839,69.27202412763125,1454.7125066802564,0.0,137178.81060657828,21440.172911453927,450243.6311405325,0.0,137252.83109099977,21509.44493558156,451698.3436472127,0.0,137252.83109099977,21509.44493558156,451698.3436472127,0.0,3.904235778753799,0.3848445784868403,8.081736148223646
Event_c7bc9497-e08e-49e1-8ab1-76057002ffb2,2,1.7976931348623157e+308,0,0,0,0.0,0,0.0,0.0,0.0,0,0.0,0.0,0.0,0,0.0,0.0,0.0,0,0.0,0.0,0.0,0,0.0,0.0,0.0,0,0.0,0.0,0.0,0,0.0,0.0
Avanzar recepcion documentos,2,1.7976931348623157e+308,0,0,0,0.0,0,0.0,0.0,0.0,0,0.0,0.0,0.0,0,0.0,0.0,0.0,0,0.0,0.0,0.0,0,0.0,0.0,0.0,0,0.0,0.0,0.0,0,0.0,0.0
""
Overall Scenario Statistics
KPI,Min,Max,Average,Accumulated Value,Trace Ocurrences
cycle_time,259.9608010000011,4169427.2220590003,762056.619786002,302536478.0550428,400
processing_time,0.0,359853.897284,44909.44400425787,15673395.957485998,400
idle_cycle_time,1248.040486,4184790.861004,782669.1614014427,313067664.5605771,400
idle_processing_time,2942.496607,429810.726097,63675.38554743231,25470154.218972925,400
waiting_time,0.0,32399.437461,369.71255836042224,104628.65401599949,400
idle_time,2942.496607,344942.496607,26385.32002555501,10554128.010222005,400
