{"process_model": "/Users/maksymav/Dev/phd/model-discovery/outputs/20250318_103904_6E9498D0_3AEF_47FC_A84F_C85341B7D2B0/best_result/P2P-steady.bpmn", "gateway_branching_probabilities": [{"gateway_id": "node1", "probabilities": [{"path_id": "edge24", "value": 0.9321401938851603}, {"path_id": "edge25", "value": 0.06785980611483967}]}, {"gateway_id": "node5", "probabilities": [{"path_id": "edge15", "value": 0.3918}, {"path_id": "edge28", "value": 0.6082}]}, {"gateway_id": "node19", "probabilities": [{"path_id": "edge20", "value": 0.5311560307383896}, {"path_id": "edge21", "value": 0.05120280654861343}, {"path_id": "edge22", "value": 0.417641162712997}]}, {"gateway_id": "node32", "probabilities": [{"path_id": "edge17", "value": 0.9644782746590549}, {"path_id": "edge18", "value": 0.03552172534094513}]}], "arrival_time_calendar": [{"from": "MONDAY", "to": "MONDAY", "beginTime": "09:00:00", "endTime": "17:00:00"}, {"from": "TUESDAY", "to": "TUESDAY", "beginTime": "09:00:00", "endTime": "17:00:00"}, {"from": "WEDNESDAY", "to": "WEDNESDAY", "beginTime": "09:00:00", "endTime": "17:00:00"}, {"from": "THURSDAY", "to": "THURSDAY", "beginTime": "09:00:00", "endTime": "17:00:00"}, {"from": "FRIDAY", "to": "FRIDAY", "beginTime": "09:00:00", "endTime": "17:00:00"}], "arrival_time_distribution": {"distribution_name": "gamma", "distribution_params": [{"value": 895.8906943411813}, {"value": 269201.938423306}, {"value": 1.206}, {"value": 6110.375}]}, "resource_profiles": [{"id": "Financial Manager-000001_profile", "name": "Financial Manager-000001_profile", "resource_list": [{"id": "Financial Manager-000001", "name": "Financial Manager-000001", "amount": 1, "cost_per_hour": 20, "calendar": "Financial Manager-000001_profile_calendar", "assignedTasks": ["node2", "node18", "node30", "node25", "node10"]}]}, {"id": "Financial Manager-000002_profile", "name": "Financial Manager-000002_profile", "resource_list": [{"id": "Financial Manager-000002", "name": "Financial Manager-000002", "amount": 1, "cost_per_hour": 20, "calendar": "Financial Manager-000002_profile_calendar", "assignedTasks": ["node10", "node2", "node18", "node30", "node25"]}]}, {"id": "Financial Manager-000003_profile", "name": "Financial Manager-000003_profile", "resource_list": [{"id": "Financial Manager-000003", "name": "Financial Manager-000003", "amount": 1, "cost_per_hour": 20, "calendar": "Financial Manager-000003_profile_calendar", "assignedTasks": ["node25", "node10", "node2", "node18", "node30"]}]}, {"id": "Financial Manager-000004_profile", "name": "Financial Manager-000004_profile", "resource_list": [{"id": "Financial Manager-000004", "name": "Financial Manager-000004", "amount": 1, "cost_per_hour": 20, "calendar": "Financial Manager-000004_profile_calendar", "assignedTasks": ["node30", "node25", "node10", "node2", "node18"]}]}, {"id": "Purchasing Agent-000001_profile", "name": "Purchasing Agent-000001_profile", "resource_list": [{"id": "Purchasing Agent-000001", "name": "Purchasing Agent-000001", "amount": 1, "cost_per_hour": 20, "calendar": "Undifferentiated_calendar", "assignedTasks": ["node14", "node11", "node17", "node23", "node21", "node13", "node31"]}]}, {"id": "Purchasing Agent-000002_profile", "name": "Purchasing Agent-000002_profile", "resource_list": [{"id": "Purchasing Agent-000002", "name": "Purchasing Agent-000002", "amount": 1, "cost_per_hour": 20, "calendar": "Undifferentiated_calendar", "assignedTasks": ["node14", "node17", "node11", "node13", "node23", "node21", "node31"]}]}, {"id": "Purchasing Agent-000003_profile", "name": "Purchasing Agent-000003_profile", "resource_list": [{"id": "Purchasing Agent-000003", "name": "Purchasing Agent-000003", "amount": 1, "cost_per_hour": 20, "calendar": "Undifferentiated_calendar", "assignedTasks": ["node17", "node14", "node13", "node21", "node23", "node31", "node11"]}]}, {"id": "Purchasing Agent-000004_profile", "name": "Purchasing Agent-000004_profile", "resource_list": [{"id": "Purchasing Agent-000004", "name": "Purchasing Agent-000004", "amount": 1, "cost_per_hour": 20, "calendar": "Undifferentiated_calendar", "assignedTasks": ["node11", "node17", "node14", "node23", "node21", "node13", "node31"]}]}, {"id": "Purchasing Agent-000005_profile", "name": "Purchasing Agent-000005_profile", "resource_list": [{"id": "Purchasing Agent-000005", "name": "Purchasing Agent-000005", "amount": 1, "cost_per_hour": 20, "calendar": "Undifferentiated_calendar", "assignedTasks": ["node14", "node21", "node11", "node23", "node17", "node13", "node31"]}]}, {"id": "Purchasing Agent-000006_profile", "name": "Purchasing Agent-000006_profile", "resource_list": [{"id": "Purchasing Agent-000006", "name": "Purchasing Agent-000006", "amount": 1, "cost_per_hour": 20, "calendar": "Undifferentiated_calendar", "assignedTasks": ["node14", "node11", "node23", "node13", "node21", "node17", "node31"]}]}, {"id": "Purchasing Agent-000007_profile", "name": "Purchasing Agent-000007_profile", "resource_list": [{"id": "Purchasing Agent-000007", "name": "Purchasing Agent-000007", "amount": 1, "cost_per_hour": 20, "calendar": "Undifferentiated_calendar", "assignedTasks": ["node23", "node14", "node21", "node11", "node17", "node31", "node13"]}]}, {"id": "Purchasing Agent-000008_profile", "name": "Purchasing Agent-000008_profile", "resource_list": [{"id": "Purchasing Agent-000008", "name": "Purchasing Agent-000008", "amount": 1, "cost_per_hour": 20, "calendar": "Undifferentiated_calendar", "assignedTasks": ["node14", "node23", "node17", "node13", "node11", "node21", "node31"]}]}, {"id": "Purchasing Agent-000009_profile", "name": "Purchasing Agent-000009_profile", "resource_list": [{"id": "Purchasing Agent-000009", "name": "Purchasing Agent-000009", "amount": 1, "cost_per_hour": 20, "calendar": "Undifferentiated_calendar", "assignedTasks": ["node14", "node23", "node17", "node13", "node11", "node21", "node31"]}]}, {"id": "Purchasing Agent-000010_profile", "name": "Purchasing Agent-000010_profile", "resource_list": [{"id": "Purchasing Agent-000010", "name": "Purchasing Agent-000010", "amount": 1, "cost_per_hour": 20, "calendar": "Purchasing Agent-000010_profile_calendar", "assignedTasks": ["node14", "node23", "node31", "node13", "node21", "node11", "node17"]}]}, {"id": "Purchasing Agent-000011_profile", "name": "Purchasing Agent-000011_profile", "resource_list": [{"id": "Purchasing Agent-000011", "name": "Purchasing Agent-000011", "amount": 1, "cost_per_hour": 20, "calendar": "Undifferentiated_calendar", "assignedTasks": ["node14", "node11", "node13", "node21", "node17", "node23", "node31"]}]}, {"id": "Purchasing Agent-000012_profile", "name": "Purchasing Agent-000012_profile", "resource_list": [{"id": "Purchasing Agent-000012", "name": "Purchasing Agent-000012", "amount": 1, "cost_per_hour": 20, "calendar": "Undifferentiated_calendar", "assignedTasks": ["node17", "node14", "node11", "node23", "node21", "node13", "node31"]}]}, {"id": "Purchasing Agent-000013_profile", "name": "Purchasing Agent-000013_profile", "resource_list": [{"id": "Purchasing Agent-000013", "name": "Purchasing Agent-000013", "amount": 1, "cost_per_hour": 20, "calendar": "Undifferentiated_calendar", "assignedTasks": ["node14", "node17", "node13", "node23", "node11", "node21", "node31"]}]}, {"id": "Purchasing Agent-000014_profile", "name": "Purchasing Agent-000014_profile", "resource_list": [{"id": "Purchasing Agent-000014", "name": "Purchasing Agent-000014", "amount": 1, "cost_per_hour": 20, "calendar": "Undifferentiated_calendar", "assignedTasks": ["node11", "node14", "node13", "node21", "node17", "node23", "node31"]}]}, {"id": "Purchasing Agent-000015_profile", "name": "Purchasing Agent-000015_profile", "resource_list": [{"id": "Purchasing Agent-000015", "name": "Purchasing Agent-000015", "amount": 1, "cost_per_hour": 20, "calendar": "Undifferentiated_calendar", "assignedTasks": ["node14", "node17", "node23", "node11", "node13", "node21", "node31"]}]}, {"id": "Purchasing Agent-000016_profile", "name": "Purchasing Agent-000016_profile", "resource_list": [{"id": "Purchasing Agent-000016", "name": "Purchasing Agent-000016", "amount": 1, "cost_per_hour": 20, "calendar": "Undifferentiated_calendar", "assignedTasks": ["node13", "node23", "node11", "node14", "node17", "node21", "node31"]}]}, {"id": "Purchasing Agent-000017_profile", "name": "Purchasing Agent-000017_profile", "resource_list": [{"id": "Purchasing Agent-000017", "name": "Purchasing Agent-000017", "amount": 1, "cost_per_hour": 20, "calendar": "Undifferentiated_calendar", "assignedTasks": ["node17", "node14", "node11", "node13", "node21", "node23", "node31"]}]}, {"id": "Purchasing Agent-000018_profile", "name": "Purchasing Agent-000018_profile", "resource_list": [{"id": "Purchasing Agent-000018", "name": "Purchasing Agent-000018", "amount": 1, "cost_per_hour": 20, "calendar": "Purchasing Agent-000018_profile_calendar", "assignedTasks": ["node14", "node11", "node23", "node17", "node21", "node13", "node31"]}]}, {"id": "Purchasing Agent-000019_profile", "name": "Purchasing Agent-000019_profile", "resource_list": [{"id": "Purchasing Agent-000019", "name": "Purchasing Agent-000019", "amount": 1, "cost_per_hour": 20, "calendar": "Undifferentiated_calendar", "assignedTasks": ["node14", "node17", "node13", "node23", "node31", "node11", "node21"]}]}, {"id": "Purchasing Agent-000020_profile", "name": "Purchasing Agent-000020_profile", "resource_list": [{"id": "Purchasing Agent-000020", "name": "Purchasing Agent-000020", "amount": 1, "cost_per_hour": 20, "calendar": "Undifferentiated_calendar", "assignedTasks": ["node11", "node14", "node17", "node13", "node21", "node23", "node31"]}]}, {"id": "Purchasing Agent-000021_profile", "name": "Purchasing Agent-000021_profile", "resource_list": [{"id": "Purchasing Agent-000021", "name": "Purchasing Agent-000021", "amount": 1, "cost_per_hour": 20, "calendar": "Undifferentiated_calendar", "assignedTasks": ["node14", "node11", "node17", "node23", "node21", "node31", "node13"]}]}, {"id": "Purchasing Agent-000022_profile", "name": "Purchasing Agent-000022_profile", "resource_list": [{"id": "Purchasing Agent-000022", "name": "Purchasing Agent-000022", "amount": 1, "cost_per_hour": 20, "calendar": "Undifferentiated_calendar", "assignedTasks": ["node17", "node23", "node11", "node14", "node21", "node13", "node31"]}]}, {"id": "Purchasing Manager-000001_profile", "name": "Purchasing Manager-000001_profile", "resource_list": [{"id": "Purchasing Manager-000001", "name": "Purchasing Manager-000001", "amount": 1, "cost_per_hour": 20, "calendar": "Undifferentiated_calendar", "assignedTasks": ["node28"]}]}, {"id": "Purchasing Manager-000002_profile", "name": "Purchasing Manager-000002_profile", "resource_list": [{"id": "Purchasing Manager-000002", "name": "Purchasing Manager-000002", "amount": 1, "cost_per_hour": 20, "calendar": "Undifferentiated_calendar", "assignedTasks": ["node28"]}]}, {"id": "Purchasing Manager-000003_profile", "name": "Purchasing Manager-000003_profile", "resource_list": [{"id": "Purchasing Manager-000003", "name": "Purchasing Manager-000003", "amount": 1, "cost_per_hour": 20, "calendar": "Undifferentiated_calendar", "assignedTasks": ["node28"]}]}, {"id": "Purchasing Manager-000004_profile", "name": "Purchasing Manager-000004_profile", "resource_list": [{"id": "Purchasing Manager-000004", "name": "Purchasing Manager-000004", "amount": 1, "cost_per_hour": 20, "calendar": "Undifferentiated_calendar", "assignedTasks": ["node28"]}]}, {"id": "Purchasing Manager-000005_profile", "name": "Purchasing Manager-000005_profile", "resource_list": [{"id": "Purchasing Manager-000005", "name": "Purchasing Manager-000005", "amount": 1, "cost_per_hour": 20, "calendar": "Undifferentiated_calendar", "assignedTasks": ["node28"]}]}, {"id": "Purchasing Manager-000006_profile", "name": "Purchasing Manager-000006_profile", "resource_list": [{"id": "Purchasing Manager-000006", "name": "Purchasing Manager-000006", "amount": 1, "cost_per_hour": 20, "calendar": "Undifferentiated_calendar", "assignedTasks": ["node28"]}]}, {"id": "Purchasing Manager-000007_profile", "name": "Purchasing Manager-000007_profile", "resource_list": [{"id": "Purchasing Manager-000007", "name": "Purchasing Manager-000007", "amount": 1, "cost_per_hour": 20, "calendar": "Undifferentiated_calendar", "assignedTasks": ["node28"]}]}, {"id": "Purchasing Manager-000008_profile", "name": "Purchasing Manager-000008_profile", "resource_list": [{"id": "Purchasing Manager-000008", "name": "Purchasing Manager-000008", "amount": 1, "cost_per_hour": 20, "calendar": "Undifferentiated_calendar", "assignedTasks": ["node28"]}]}, {"id": "Purchasing Manager-000009_profile", "name": "Purchasing Manager-000009_profile", "resource_list": [{"id": "Purchasing Manager-000009", "name": "Purchasing Manager-000009", "amount": 1, "cost_per_hour": 20, "calendar": "Undifferentiated_calendar", "assignedTasks": ["node28"]}]}, {"id": "Purchasing Manager-000010_profile", "name": "Purchasing Manager-000010_profile", "resource_list": [{"id": "Purchasing Manager-000010", "name": "Purchasing Manager-000010", "amount": 1, "cost_per_hour": 20, "calendar": "Undifferentiated_calendar", "assignedTasks": ["node28"]}]}, {"id": "Purchasing Manager-000011_profile", "name": "Purchasing Manager-000011_profile", "resource_list": [{"id": "Purchasing Manager-000011", "name": "Purchasing Manager-000011", "amount": 1, "cost_per_hour": 20, "calendar": "Undifferentiated_calendar", "assignedTasks": ["node28"]}]}, {"id": "Purchasing Manager-000012_profile", "name": "Purchasing Manager-000012_profile", "resource_list": [{"id": "Purchasing Manager-000012", "name": "Purchasing Manager-000012", "amount": 1, "cost_per_hour": 20, "calendar": "Undifferentiated_calendar", "assignedTasks": ["node28"]}]}, {"id": "Requester Manager-000001_profile", "name": "Requester Manager-000001_profile", "resource_list": [{"id": "Requester Manager-000001", "name": "Requester Manager-000001", "amount": 1, "cost_per_hour": 20, "calendar": "Requester Manager-000001_profile_calendar", "assignedTasks": ["node6", "node15", "node8", "node24"]}]}, {"id": "Requester Manager-000002_profile", "name": "Requester Manager-000002_profile", "resource_list": [{"id": "Requester Manager-000002", "name": "Requester Manager-000002", "amount": 1, "cost_per_hour": 20, "calendar": "Requester Manager-000002_profile_calendar", "assignedTasks": ["node8", "node15", "node6", "node24"]}]}, {"id": "Requester Manager-000003_profile", "name": "Requester Manager-000003_profile", "resource_list": [{"id": "Requester Manager-000003", "name": "Requester Manager-000003", "amount": 1, "cost_per_hour": 20, "calendar": "Requester Manager-000003_profile_calendar", "assignedTasks": ["node6", "node24", "node8", "node15"]}]}, {"id": "Requester-000001_profile", "name": "Requester-000001_profile", "resource_list": [{"id": "Requester-000001", "name": "Requester-000001", "amount": 1, "cost_per_hour": 20, "calendar": "Requester-000001_profile_calendar", "assignedTasks": ["node29", "node22", "node3", "node7", "node4", "node26"]}]}, {"id": "Requester-000002_profile", "name": "Requester-000002_profile", "resource_list": [{"id": "Requester-000002", "name": "Requester-000002", "amount": 1, "cost_per_hour": 20, "calendar": "Requester-000002_profile_calendar", "assignedTasks": ["node29", "node7", "node22", "node3", "node4", "node26"]}]}, {"id": "Requester-000003_profile", "name": "Requester-000003_profile", "resource_list": [{"id": "Requester-000003", "name": "Requester-000003", "amount": 1, "cost_per_hour": 20, "calendar": "Requester-000003_profile_calendar", "assignedTasks": ["node22", "node29", "node3", "node7", "node4", "node26"]}]}, {"id": "Requester-000004_profile", "name": "Requester-000004_profile", "resource_list": [{"id": "Requester-000004", "name": "Requester-000004", "amount": 1, "cost_per_hour": 20, "calendar": "Requester-000004_profile_calendar", "assignedTasks": ["node29", "node3", "node4", "node7", "node22", "node26"]}]}, {"id": "Supplier-000001_profile", "name": "Supplier-000001_profile", "resource_list": [{"id": "Supplier-000001", "name": "Supplier-000001", "amount": 1, "cost_per_hour": 20, "calendar": "Supplier-000001_profile_calendar", "assignedTasks": ["node9"]}]}], "resource_calendars": [{"id": "Financial Manager-000001_profile_calendar", "name": "Financial Manager-000001_profile_calendar", "time_periods": [{"from": "MONDAY", "to": "MONDAY", "beginTime": "09:00:00", "endTime": "17:00:00"}, {"from": "TUESDAY", "to": "TUESDAY", "beginTime": "09:00:00", "endTime": "17:00:00"}, {"from": "WEDNESDAY", "to": "WEDNESDAY", "beginTime": "09:00:00", "endTime": "17:00:00"}, {"from": "THURSDAY", "to": "THURSDAY", "beginTime": "09:00:00", "endTime": "17:00:00"}, {"from": "FRIDAY", "to": "FRIDAY", "beginTime": "09:00:00", "endTime": "17:00:00"}]}, {"id": "Financial Manager-000002_profile_calendar", "name": "Financial Manager-000002_profile_calendar", "time_periods": [{"from": "MONDAY", "to": "MONDAY", "beginTime": "09:00:00", "endTime": "17:00:00"}, {"from": "TUESDAY", "to": "TUESDAY", "beginTime": "09:00:00", "endTime": "10:00:00"}, {"from": "TUESDAY", "to": "TUESDAY", "beginTime": "11:00:00", "endTime": "17:00:00"}, {"from": "WEDNESDAY", "to": "WEDNESDAY", "beginTime": "09:00:00", "endTime": "17:00:00"}, {"from": "THURSDAY", "to": "THURSDAY", "beginTime": "09:00:00", "endTime": "17:00:00"}, {"from": "FRIDAY", "to": "FRIDAY", "beginTime": "09:00:00", "endTime": "17:00:00"}]}, {"id": "Financial Manager-000003_profile_calendar", "name": "Financial Manager-000003_profile_calendar", "time_periods": [{"from": "MONDAY", "to": "MONDAY", "beginTime": "09:00:00", "endTime": "17:00:00"}, {"from": "TUESDAY", "to": "TUESDAY", "beginTime": "09:00:00", "endTime": "15:00:00"}, {"from": "TUESDAY", "to": "TUESDAY", "beginTime": "16:00:00", "endTime": "17:00:00"}, {"from": "WEDNESDAY", "to": "WEDNESDAY", "beginTime": "09:00:00", "endTime": "17:00:00"}, {"from": "THURSDAY", "to": "THURSDAY", "beginTime": "09:00:00", "endTime": "17:00:00"}, {"from": "FRIDAY", "to": "FRIDAY", "beginTime": "09:00:00", "endTime": "17:00:00"}]}, {"id": "Financial Manager-000004_profile_calendar", "name": "Financial Manager-000004_profile_calendar", "time_periods": [{"from": "MONDAY", "to": "MONDAY", "beginTime": "09:00:00", "endTime": "17:00:00"}, {"from": "TUESDAY", "to": "TUESDAY", "beginTime": "09:00:00", "endTime": "17:00:00"}, {"from": "WEDNESDAY", "to": "WEDNESDAY", "beginTime": "09:00:00", "endTime": "17:00:00"}, {"from": "THURSDAY", "to": "THURSDAY", "beginTime": "09:00:00", "endTime": "17:00:00"}, {"from": "FRIDAY", "to": "FRIDAY", "beginTime": "09:00:00", "endTime": "17:00:00"}]}, {"id": "Purchasing Agent-000010_profile_calendar", "name": "Purchasing Agent-000010_profile_calendar", "time_periods": [{"from": "MONDAY", "to": "MONDAY", "beginTime": "09:00:00", "endTime": "10:00:00"}, {"from": "MONDAY", "to": "MONDAY", "beginTime": "14:00:00", "endTime": "17:00:00"}, {"from": "TUESDAY", "to": "TUESDAY", "beginTime": "13:00:00", "endTime": "15:00:00"}, {"from": "FRIDAY", "to": "FRIDAY", "beginTime": "12:00:00", "endTime": "15:00:00"}]}, {"id": "Purchasing Agent-000018_profile_calendar", "name": "Purchasing Agent-000018_profile_calendar", "time_periods": [{"from": "WEDNESDAY", "to": "WEDNESDAY", "beginTime": "10:00:00", "endTime": "11:00:00"}, {"from": "WEDNESDAY", "to": "WEDNESDAY", "beginTime": "12:00:00", "endTime": "14:00:00"}, {"from": "THURSDAY", "to": "THURSDAY", "beginTime": "11:00:00", "endTime": "14:00:00"}, {"from": "FRIDAY", "to": "FRIDAY", "beginTime": "10:00:00", "endTime": "12:00:00"}, {"from": "FRIDAY", "to": "FRIDAY", "beginTime": "13:00:00", "endTime": "14:00:00"}]}, {"id": "Requester Manager-000001_profile_calendar", "name": "Requester Manager-000001_profile_calendar", "time_periods": [{"from": "MONDAY", "to": "MONDAY", "beginTime": "09:00:00", "endTime": "17:00:00"}, {"from": "TUESDAY", "to": "TUESDAY", "beginTime": "09:00:00", "endTime": "17:00:00"}, {"from": "WEDNESDAY", "to": "WEDNESDAY", "beginTime": "09:00:00", "endTime": "17:00:00"}, {"from": "THURSDAY", "to": "THURSDAY", "beginTime": "09:00:00", "endTime": "16:00:00"}, {"from": "FRIDAY", "to": "FRIDAY", "beginTime": "09:00:00", "endTime": "17:00:00"}]}, {"id": "Requester Manager-000002_profile_calendar", "name": "Requester Manager-000002_profile_calendar", "time_periods": [{"from": "MONDAY", "to": "MONDAY", "beginTime": "09:00:00", "endTime": "17:00:00"}, {"from": "TUESDAY", "to": "TUESDAY", "beginTime": "09:00:00", "endTime": "17:00:00"}, {"from": "WEDNESDAY", "to": "WEDNESDAY", "beginTime": "09:00:00", "endTime": "17:00:00"}, {"from": "THURSDAY", "to": "THURSDAY", "beginTime": "09:00:00", "endTime": "17:00:00"}, {"from": "FRIDAY", "to": "FRIDAY", "beginTime": "09:00:00", "endTime": "17:00:00"}]}, {"id": "Requester Manager-000003_profile_calendar", "name": "Requester Manager-000003_profile_calendar", "time_periods": [{"from": "MONDAY", "to": "MONDAY", "beginTime": "09:00:00", "endTime": "17:00:00"}, {"from": "TUESDAY", "to": "TUESDAY", "beginTime": "09:00:00", "endTime": "17:00:00"}, {"from": "WEDNESDAY", "to": "WEDNESDAY", "beginTime": "09:00:00", "endTime": "17:00:00"}, {"from": "THURSDAY", "to": "THURSDAY", "beginTime": "09:00:00", "endTime": "15:00:00"}, {"from": "THURSDAY", "to": "THURSDAY", "beginTime": "16:00:00", "endTime": "17:00:00"}, {"from": "FRIDAY", "to": "FRIDAY", "beginTime": "09:00:00", "endTime": "17:00:00"}]}, {"id": "Requester-000001_profile_calendar", "name": "Requester-000001_profile_calendar", "time_periods": [{"from": "MONDAY", "to": "MONDAY", "beginTime": "09:00:00", "endTime": "17:00:00"}, {"from": "TUESDAY", "to": "TUESDAY", "beginTime": "09:00:00", "endTime": "14:00:00"}, {"from": "TUESDAY", "to": "TUESDAY", "beginTime": "15:00:00", "endTime": "17:00:00"}, {"from": "WEDNESDAY", "to": "WEDNESDAY", "beginTime": "09:00:00", "endTime": "17:00:00"}, {"from": "THURSDAY", "to": "THURSDAY", "beginTime": "09:00:00", "endTime": "17:00:00"}, {"from": "FRIDAY", "to": "FRIDAY", "beginTime": "09:00:00", "endTime": "17:00:00"}]}, {"id": "Requester-000002_profile_calendar", "name": "Requester-000002_profile_calendar", "time_periods": [{"from": "MONDAY", "to": "MONDAY", "beginTime": "09:00:00", "endTime": "10:00:00"}, {"from": "MONDAY", "to": "MONDAY", "beginTime": "11:00:00", "endTime": "17:00:00"}, {"from": "TUESDAY", "to": "TUESDAY", "beginTime": "09:00:00", "endTime": "17:00:00"}, {"from": "WEDNESDAY", "to": "WEDNESDAY", "beginTime": "09:00:00", "endTime": "17:00:00"}, {"from": "THURSDAY", "to": "THURSDAY", "beginTime": "09:00:00", "endTime": "17:00:00"}, {"from": "FRIDAY", "to": "FRIDAY", "beginTime": "09:00:00", "endTime": "17:00:00"}]}, {"id": "Requester-000003_profile_calendar", "name": "Requester-000003_profile_calendar", "time_periods": [{"from": "MONDAY", "to": "MONDAY", "beginTime": "09:00:00", "endTime": "17:00:00"}, {"from": "TUESDAY", "to": "TUESDAY", "beginTime": "09:00:00", "endTime": "13:00:00"}, {"from": "TUESDAY", "to": "TUESDAY", "beginTime": "15:00:00", "endTime": "16:00:00"}, {"from": "WEDNESDAY", "to": "WEDNESDAY", "beginTime": "09:00:00", "endTime": "14:00:00"}, {"from": "WEDNESDAY", "to": "WEDNESDAY", "beginTime": "15:00:00", "endTime": "17:00:00"}, {"from": "THURSDAY", "to": "THURSDAY", "beginTime": "09:00:00", "endTime": "15:00:00"}, {"from": "THURSDAY", "to": "THURSDAY", "beginTime": "16:00:00", "endTime": "17:00:00"}, {"from": "FRIDAY", "to": "FRIDAY", "beginTime": "09:00:00", "endTime": "17:00:00"}]}, {"id": "Requester-000004_profile_calendar", "name": "Requester-000004_profile_calendar", "time_periods": [{"from": "MONDAY", "to": "MONDAY", "beginTime": "09:00:00", "endTime": "13:00:00"}, {"from": "MONDAY", "to": "MONDAY", "beginTime": "14:00:00", "endTime": "17:00:00"}, {"from": "TUESDAY", "to": "TUESDAY", "beginTime": "09:00:00", "endTime": "10:00:00"}, {"from": "TUESDAY", "to": "TUESDAY", "beginTime": "11:00:00", "endTime": "17:00:00"}, {"from": "WEDNESDAY", "to": "WEDNESDAY", "beginTime": "09:00:00", "endTime": "17:00:00"}, {"from": "THURSDAY", "to": "THURSDAY", "beginTime": "09:00:00", "endTime": "14:00:00"}, {"from": "THURSDAY", "to": "THURSDAY", "beginTime": "15:00:00", "endTime": "17:00:00"}, {"from": "FRIDAY", "to": "FRIDAY", "beginTime": "09:00:00", "endTime": "13:00:00"}, {"from": "FRIDAY", "to": "FRIDAY", "beginTime": "14:00:00", "endTime": "17:00:00"}]}, {"id": "Supplier-000001_profile_calendar", "name": "Supplier-000001_profile_calendar", "time_periods": [{"from": "MONDAY", "to": "MONDAY", "beginTime": "09:00:00", "endTime": "17:00:00"}, {"from": "TUESDAY", "to": "TUESDAY", "beginTime": "09:00:00", "endTime": "17:00:00"}, {"from": "WEDNESDAY", "to": "WEDNESDAY", "beginTime": "09:00:00", "endTime": "17:00:00"}, {"from": "THURSDAY", "to": "THURSDAY", "beginTime": "09:00:00", "endTime": "17:00:00"}, {"from": "FRIDAY", "to": "FRIDAY", "beginTime": "09:00:00", "endTime": "17:00:00"}]}, {"id": "Undifferentiated_calendar", "name": "Undifferentiated_calendar", "time_periods": [{"from": "MONDAY", "to": "MONDAY", "beginTime": "09:00:00", "endTime": "17:00:00"}, {"from": "TUESDAY", "to": "TUESDAY", "beginTime": "09:00:00", "endTime": "17:00:00"}, {"from": "WEDNESDAY", "to": "WEDNESDAY", "beginTime": "09:00:00", "endTime": "17:00:00"}, {"from": "THURSDAY", "to": "THURSDAY", "beginTime": "09:00:00", "endTime": "17:00:00"}, {"from": "FRIDAY", "to": "FRIDAY", "beginTime": "09:00:00", "endTime": "17:00:00"}]}], "task_resource_distribution": [{"task_id": "node30", "resources": [{"resource_id": "Financial Manager-000001", "distribution_name": "fix", "distribution_params": [{"value": 0.0}]}, {"resource_id": "Financial Manager-000002", "distribution_name": "fix", "distribution_params": [{"value": 0.0}]}, {"resource_id": "Financial Manager-000003", "distribution_name": "fix", "distribution_params": [{"value": 0.0}]}, {"resource_id": "Financial Manager-000004", "distribution_name": "fix", "distribution_params": [{"value": 0.0}]}]}, {"task_id": "node18", "resources": [{"resource_id": "Financial Manager-000001", "distribution_name": "gamma", "distribution_params": [{"value": 907.9858328432472}, {"value": 814218.6842002415}, {"value": 1.532}, {"value": 6421.186}]}, {"resource_id": "Financial Manager-000002", "distribution_name": "gamma", "distribution_params": [{"value": 891.4947138830037}, {"value": 851036.7063368126}, {"value": 0.0}, {"value": 6570.245}]}, {"resource_id": "Financial Manager-000003", "distribution_name": "expon", "distribution_params": [{"value": 849.2242742036448}, {"value": 0.0}, {"value": 8640.733}]}, {"resource_id": "Financial Manager-000004", "distribution_name": "gamma", "distribution_params": [{"value": 900.1157152530511}, {"value": 819666.6178489353}, {"value": 0.123}, {"value": 6514.919}]}]}, {"task_id": "node2", "resources": [{"resource_id": "Financial Manager-000001", "distribution_name": "fix", "distribution_params": [{"value": 0.0}]}, {"resource_id": "Financial Manager-000002", "distribution_name": "fix", "distribution_params": [{"value": 0.0}]}, {"resource_id": "Financial Manager-000003", "distribution_name": "fix", "distribution_params": [{"value": 0.0}]}, {"resource_id": "Financial Manager-000004", "distribution_name": "fix", "distribution_params": [{"value": 0.0}]}]}, {"task_id": "node10", "resources": [{"resource_id": "Financial Manager-000001", "distribution_name": "uniform", "distribution_params": [{"value": 120.018}, {"value": 419.957}]}, {"resource_id": "Financial Manager-000002", "distribution_name": "norm", "distribution_params": [{"value": 263.8359804563977}, {"value": 94.44211517783354}, {"value": 0.0}, {"value": 419.986}]}, {"resource_id": "Financial Manager-000003", "distribution_name": "norm", "distribution_params": [{"value": 264.9992109664758}, {"value": 93.95760445019054}, {"value": 0.0}, {"value": 419.127}]}, {"resource_id": "Financial Manager-000004", "distribution_name": "uniform", "distribution_params": [{"value": 120.209}, {"value": 419.432}]}]}, {"task_id": "node25", "resources": [{"resource_id": "Financial Manager-000001", "distribution_name": "uniform", "distribution_params": [{"value": 780.594}, {"value": 2037.915}]}, {"resource_id": "Financial Manager-000002", "distribution_name": "norm", "distribution_params": [{"value": 1398.564220380016}, {"value": 396.3775697853467}, {"value": 0.0}, {"value": 2039.931}]}, {"resource_id": "Financial Manager-000003", "distribution_name": "norm", "distribution_params": [{"value": 1389.8008874647103}, {"value": 399.80209378934313}, {"value": 0.0}, {"value": 2039.887}]}, {"resource_id": "Financial Manager-000004", "distribution_name": "uniform", "distribution_params": [{"value": 782.191}, {"value": 2038.879}]}]}, {"task_id": "node14", "resources": [{"resource_id": "Purchasing Agent-000001", "distribution_name": "gamma", "distribution_params": [{"value": 1374.477330796477}, {"value": 222009.94083738342}, {"value": 129.44}, {"value": 2955.21}]}, {"resource_id": "Purchasing Agent-000002", "distribution_name": "norm", "distribution_params": [{"value": 1366.8680238135282}, {"value": 453.16769633059084}, {"value": 31.214}, {"value": 2756.876}]}, {"resource_id": "Purchasing Agent-000003", "distribution_name": "norm", "distribution_params": [{"value": 1388.445998239852}, {"value": 472.0823562145521}, {"value": 165.242}, {"value": 2715.539}]}, {"resource_id": "Purchasing Agent-000004", "distribution_name": "gamma", "distribution_params": [{"value": 1388.7989839120285}, {"value": 226922.49695699968}, {"value": 28.807}, {"value": 2745.924}]}, {"resource_id": "Purchasing Agent-000005", "distribution_name": "norm", "distribution_params": [{"value": 1394.7124940705676}, {"value": 466.6168035985147}, {"value": 92.816}, {"value": 2900.529}]}, {"resource_id": "Purchasing Agent-000006", "distribution_name": "norm", "distribution_params": [{"value": 1412.2968307189185}, {"value": 467.0496739477016}, {"value": 49.53}, {"value": 2997.793}]}, {"resource_id": "Purchasing Agent-000007", "distribution_name": "norm", "distribution_params": [{"value": 1405.96086351476}, {"value": 451.23350229013244}, {"value": 83.804}, {"value": 2793.212}]}, {"resource_id": "Purchasing Agent-000008", "distribution_name": "gamma", "distribution_params": [{"value": 1376.7417561210423}, {"value": 216819.76958934864}, {"value": 121.554}, {"value": 3073.614}]}, {"resource_id": "Purchasing Agent-000009", "distribution_name": "norm", "distribution_params": [{"value": 1397.3448843385145}, {"value": 480.58277113206594}, {"value": 7.942}, {"value": 3011.74}]}, {"resource_id": "Purchasing Agent-000010", "distribution_name": "gamma", "distribution_params": [{"value": 370.22591161730753}, {"value": 395987.11833343114}, {"value": 0.0}, {"value": 2363.97}]}, {"resource_id": "Purchasing Agent-000011", "distribution_name": "norm", "distribution_params": [{"value": 1376.1536896317687}, {"value": 490.44370988662894}, {"value": 162.696}, {"value": 3160.818}]}, {"resource_id": "Purchasing Agent-000012", "distribution_name": "norm", "distribution_params": [{"value": 1400.290163907849}, {"value": 443.3840097886905}, {"value": 70.742}, {"value": 2743.983}]}, {"resource_id": "Purchasing Agent-000013", "distribution_name": "norm", "distribution_params": [{"value": 1387.543646813708}, {"value": 475.1039853944168}, {"value": 141.102}, {"value": 2613.363}]}, {"resource_id": "Purchasing Agent-000014", "distribution_name": "norm", "distribution_params": [{"value": 1419.521302057866}, {"value": 486.2361361972585}, {"value": 174.898}, {"value": 2811.799}]}, {"resource_id": "Purchasing Agent-000015", "distribution_name": "norm", "distribution_params": [{"value": 1366.155715931734}, {"value": 481.966737991033}, {"value": 66.934}, {"value": 2949.702000999998}]}, {"resource_id": "Purchasing Agent-000016", "distribution_name": "norm", "distribution_params": [{"value": 1392.7807519694657}, {"value": 478.8895289485266}, {"value": 35.289}, {"value": 2674.552}]}, {"resource_id": "Purchasing Agent-000017", "distribution_name": "norm", "distribution_params": [{"value": 1385.5853713805147}, {"value": 479.7564985340047}, {"value": 9.662}, {"value": 2759.522}]}, {"resource_id": "Purchasing Agent-000018", "distribution_name": "gamma", "distribution_params": [{"value": 391.43564112857126}, {"value": 391421.22834441264}, {"value": 0.0}, {"value": 2388.698}]}, {"resource_id": "Purchasing Agent-000019", "distribution_name": "norm", "distribution_params": [{"value": 1399.7816504589841}, {"value": 477.9164348337593}, {"value": 164.439}, {"value": 2917.149}]}, {"resource_id": "Purchasing Agent-000020", "distribution_name": "norm", "distribution_params": [{"value": 1380.1060924601447}, {"value": 478.1856457005866}, {"value": 45.809}, {"value": 2662.899}]}, {"resource_id": "Purchasing Agent-000021", "distribution_name": "norm", "distribution_params": [{"value": 1382.9355051507125}, {"value": 484.82461290651327}, {"value": 60.377}, {"value": 2770.109}]}, {"resource_id": "Purchasing Agent-000022", "distribution_name": "norm", "distribution_params": [{"value": 1408.7443094007776}, {"value": 457.2001470993806}, {"value": 164.6}, {"value": 3290.127}]}]}, {"task_id": "node21", "resources": [{"resource_id": "Purchasing Agent-000001", "distribution_name": "gamma", "distribution_params": [{"value": 70.84180425531915}, {"value": 4423.014585408492}, {"value": 0.036}, {"value": 293.011}]}, {"resource_id": "Purchasing Agent-000002", "distribution_name": "gamma", "distribution_params": [{"value": 61.08873333333333}, {"value": 3729.122331578889}, {"value": 0.117}, {"value": 431.825}]}, {"resource_id": "Purchasing Agent-000003", "distribution_name": "expon", "distribution_params": [{"value": 55.40106808510638}, {"value": 0.181}, {"value": 419.553}]}, {"resource_id": "Purchasing Agent-000004", "distribution_name": "gamma", "distribution_params": [{"value": 55.30264344262295}, {"value": 3556.56535256549}, {"value": 0.084}, {"value": 366.067}]}, {"resource_id": "Purchasing Agent-000005", "distribution_name": "expon", "distribution_params": [{"value": 59.25057013574661}, {"value": 0.103}, {"value": 340.747}]}, {"resource_id": "Purchasing Agent-000006", "distribution_name": "gamma", "distribution_params": [{"value": 62.57391176470588}, {"value": 4409.388420046837}, {"value": 0.135}, {"value": 390.245}]}, {"resource_id": "Purchasing Agent-000007", "distribution_name": "expon", "distribution_params": [{"value": 58.1856313559322}, {"value": 0.091}, {"value": 209.773}]}, {"resource_id": "Purchasing Agent-000008", "distribution_name": "gamma", "distribution_params": [{"value": 62.361297520661154}, {"value": 3727.2290462007377}, {"value": 0.086}, {"value": 391.279}]}, {"resource_id": "Purchasing Agent-000009", "distribution_name": "gamma", "distribution_params": [{"value": 54.526502057613165}, {"value": 3449.4983316491725}, {"value": 0.095}, {"value": 366.957}]}, {"resource_id": "Purchasing Agent-000010", "distribution_name": "gamma", "distribution_params": [{"value": 14.964117078048783}, {"value": 1493.4382726793272}, {"value": 0.0}, {"value": 241.663}]}, {"resource_id": "Purchasing Agent-000011", "distribution_name": "expon", "distribution_params": [{"value": 60.25186904761905}, {"value": 0.249}, {"value": 330.99}]}, {"resource_id": "Purchasing Agent-000012", "distribution_name": "gamma", "distribution_params": [{"value": 57.829449343612325}, {"value": 3974.708970544936}, {"value": 0.333}, {"value": 445.269}]}, {"resource_id": "Purchasing Agent-000013", "distribution_name": "gamma", "distribution_params": [{"value": 56.03364215686274}, {"value": 3026.51985415136}, {"value": 0.002}, {"value": 296.505}]}, {"resource_id": "Purchasing Agent-000014", "distribution_name": "expon", "distribution_params": [{"value": 63.007060606060605}, {"value": 0.0}, {"value": 335.702}]}, {"resource_id": "Purchasing Agent-000015", "distribution_name": "expon", "distribution_params": [{"value": 61.24432888888888}, {"value": 0.088}, {"value": 385.142}]}, {"resource_id": "Purchasing Agent-000016", "distribution_name": "gamma", "distribution_params": [{"value": 53.762574301204836}, {"value": 3172.3591995719526}, {"value": 0.015}, {"value": 359.804}]}, {"resource_id": "Purchasing Agent-000017", "distribution_name": "expon", "distribution_params": [{"value": 66.82168558951966}, {"value": 0.356}, {"value": 350.761}]}, {"resource_id": "Purchasing Agent-000018", "distribution_name": "gamma", "distribution_params": [{"value": 14.526589371980675}, {"value": 1414.4389237589212}, {"value": 0.0}, {"value": 239.755}]}, {"resource_id": "Purchasing Agent-000019", "distribution_name": "expon", "distribution_params": [{"value": 54.33026424870467}, {"value": 0.335}, {"value": 324.409}]}, {"resource_id": "Purchasing Agent-000020", "distribution_name": "expon", "distribution_params": [{"value": 59.59651724137932}, {"value": 0.013}, {"value": 370.525}]}, {"resource_id": "Purchasing Agent-000021", "distribution_name": "gamma", "distribution_params": [{"value": 57.343302339534716}, {"value": 2985.635982855539}, {"value": 0.021}, {"value": 251.659}]}, {"resource_id": "Purchasing Agent-000022", "distribution_name": "gamma", "distribution_params": [{"value": 63.4924867300885}, {"value": 4006.044910176968}, {"value": 0.197}, {"value": 370.309}]}]}, {"task_id": "node13", "resources": [{"resource_id": "Purchasing Agent-000001", "distribution_name": "gamma", "distribution_params": [{"value": 640.9728478608695}, {"value": 490565.6915774769}, {"value": 0.318}, {"value": 3796.065}]}, {"resource_id": "Purchasing Agent-000002", "distribution_name": "gamma", "distribution_params": [{"value": 594.1612092426774}, {"value": 432102.26579166006}, {"value": 0.566}, {"value": 4634.867}]}, {"resource_id": "Purchasing Agent-000003", "distribution_name": "expon", "distribution_params": [{"value": 620.1268700349997}, {"value": 1.97}, {"value": 2925.379}]}, {"resource_id": "Purchasing Agent-000004", "distribution_name": "gamma", "distribution_params": [{"value": 730.5034732455354}, {"value": 513021.8838706392}, {"value": 0.422}, {"value": 3858.829}]}, {"resource_id": "Purchasing Agent-000005", "distribution_name": "expon", "distribution_params": [{"value": 665.1905039488189}, {"value": 3.666}, {"value": 4993.675}]}, {"resource_id": "Purchasing Agent-000006", "distribution_name": "expon", "distribution_params": [{"value": 697.6116803926941}, {"value": 1.432}, {"value": 3964.219}]}, {"resource_id": "Purchasing Agent-000007", "distribution_name": "lognorm", "distribution_params": [{"value": 589.1574654654378}, {"value": 323090.7803690189}, {"value": 2.081}, {"value": 4055.207}]}, {"resource_id": "Purchasing Agent-000008", "distribution_name": "expon", "distribution_params": [{"value": 621.4222471863117}, {"value": 5.355}, {"value": 3148.217002999969}]}, {"resource_id": "Purchasing Agent-000009", "distribution_name": "gamma", "distribution_params": [{"value": 616.3052450399999}, {"value": 356934.6071735133}, {"value": 4.034}, {"value": 3502.315}]}, {"resource_id": "Purchasing Agent-000010", "distribution_name": "gamma", "distribution_params": [{"value": 190.76030596347033}, {"value": 230937.60951208093}, {"value": 0.0}, {"value": 3132.156}]}, {"resource_id": "Purchasing Agent-000011", "distribution_name": "gamma", "distribution_params": [{"value": 660.8795819877049}, {"value": 417905.86694885936}, {"value": 0.499}, {"value": 3431.249}]}, {"resource_id": "Purchasing Agent-000012", "distribution_name": "expon", "distribution_params": [{"value": 637.5978228818896}, {"value": 8.334}, {"value": 2522.527}]}, {"resource_id": "Purchasing Agent-000013", "distribution_name": "gamma", "distribution_params": [{"value": 653.5394737464111}, {"value": 377397.89713725104}, {"value": 4.048}, {"value": 3794.864}]}, {"resource_id": "Purchasing Agent-000014", "distribution_name": "expon", "distribution_params": [{"value": 639.7948186519606}, {"value": 0.385}, {"value": 3586.6070029999537}]}, {"resource_id": "Purchasing Agent-000015", "distribution_name": "gamma", "distribution_params": [{"value": 666.0166506144578}, {"value": 455462.6771703098}, {"value": 3.698}, {"value": 4062.276}]}, {"resource_id": "Purchasing Agent-000016", "distribution_name": "gamma", "distribution_params": [{"value": 633.4650875166667}, {"value": 417890.2849443428}, {"value": 0.939}, {"value": 4522.116001000002}]}, {"resource_id": "Purchasing Agent-000017", "distribution_name": "gamma", "distribution_params": [{"value": 588.2664167268514}, {"value": 282994.3145875747}, {"value": 0.226}, {"value": 3683.803001}]}, {"resource_id": "Purchasing Agent-000018", "distribution_name": "gamma", "distribution_params": [{"value": 191.9265837339056}, {"value": 152222.96229131366}, {"value": 0.0}, {"value": 2033.473}]}, {"resource_id": "Purchasing Agent-000019", "distribution_name": "gamma", "distribution_params": [{"value": 616.8311205669644}, {"value": 409223.81288790243}, {"value": 1.211}, {"value": 3543.581}]}, {"resource_id": "Purchasing Agent-000020", "distribution_name": "expon", "distribution_params": [{"value": 648.9679023302325}, {"value": 1.491}, {"value": 4999.74}]}, {"resource_id": "Purchasing Agent-000021", "distribution_name": "gamma", "distribution_params": [{"value": 647.0961666891889}, {"value": 482999.0371204901}, {"value": 1.7970000000000002}, {"value": 4027.667}]}, {"resource_id": "Purchasing Agent-000022", "distribution_name": "gamma", "distribution_params": [{"value": 653.8396311333333}, {"value": 522716.8222580816}, {"value": 5.385}, {"value": 5461.464}]}]}, {"task_id": "node11", "resources": [{"resource_id": "Purchasing Agent-000001", "distribution_name": "uniform", "distribution_params": [{"value": 38.317}, {"value": 589.083}]}, {"resource_id": "Purchasing Agent-000002", "distribution_name": "uniform", "distribution_params": [{"value": 39.172}, {"value": 599.263}]}, {"resource_id": "Purchasing Agent-000003", "distribution_name": "uniform", "distribution_params": [{"value": 41.325}, {"value": 598.583}]}, {"resource_id": "Purchasing Agent-000004", "distribution_name": "uniform", "distribution_params": [{"value": 42.546}, {"value": 598.767}]}, {"resource_id": "Purchasing Agent-000005", "distribution_name": "uniform", "distribution_params": [{"value": 39.127}, {"value": 598.931}]}, {"resource_id": "Purchasing Agent-000006", "distribution_name": "uniform", "distribution_params": [{"value": 40.726}, {"value": 599.846}]}, {"resource_id": "Purchasing Agent-000007", "distribution_name": "uniform", "distribution_params": [{"value": 42.187}, {"value": 592.898}]}, {"resource_id": "Purchasing Agent-000008", "distribution_name": "uniform", "distribution_params": [{"value": 40.893}, {"value": 599.46}]}, {"resource_id": "Purchasing Agent-000009", "distribution_name": "uniform", "distribution_params": [{"value": 46.584}, {"value": 597.789}]}, {"resource_id": "Purchasing Agent-000010", "distribution_name": "gamma", "distribution_params": [{"value": 108.47900457727245}, {"value": 32463.300829525706}, {"value": 0.0}, {"value": 592.037}]}, {"resource_id": "Purchasing Agent-000011", "distribution_name": "uniform", "distribution_params": [{"value": 39.897}, {"value": 598.073}]}, {"resource_id": "Purchasing Agent-000012", "distribution_name": "uniform", "distribution_params": [{"value": 38.793}, {"value": 597.468}]}, {"resource_id": "Purchasing Agent-000013", "distribution_name": "uniform", "distribution_params": [{"value": 38.419}, {"value": 596.12}]}, {"resource_id": "Purchasing Agent-000014", "distribution_name": "uniform", "distribution_params": [{"value": 38.283}, {"value": 598.266}]}, {"resource_id": "Purchasing Agent-000015", "distribution_name": "uniform", "distribution_params": [{"value": 39.539}, {"value": 599.261}]}, {"resource_id": "Purchasing Agent-000016", "distribution_name": "uniform", "distribution_params": [{"value": 39.023}, {"value": 595.803}]}, {"resource_id": "Purchasing Agent-000017", "distribution_name": "uniform", "distribution_params": [{"value": 39.564}, {"value": 599.595}]}, {"resource_id": "Purchasing Agent-000018", "distribution_name": "gamma", "distribution_params": [{"value": 84.6583056855895}, {"value": 25288.679835694194}, {"value": 0.0}, {"value": 594.739}]}, {"resource_id": "Purchasing Agent-000019", "distribution_name": "uniform", "distribution_params": [{"value": 38.403}, {"value": 596.522}]}, {"resource_id": "Purchasing Agent-000020", "distribution_name": "norm", "distribution_params": [{"value": 296.93273613888863}, {"value": 154.72256875258512}, {"value": 38.413}, {"value": 590.965}]}, {"resource_id": "Purchasing Agent-000021", "distribution_name": "gamma", "distribution_params": [{"value": 303.5728368326358}, {"value": 22376.485647443576}, {"value": 51.015}, {"value": 596.636}]}, {"resource_id": "Purchasing Agent-000022", "distribution_name": "uniform", "distribution_params": [{"value": 42.309}, {"value": 598.679}]}]}, {"task_id": "node17", "resources": [{"resource_id": "Purchasing Agent-000001", "distribution_name": "expon", "distribution_params": [{"value": 301.9409909136363}, {"value": 1.072}, {"value": 1803.887}]}, {"resource_id": "Purchasing Agent-000002", "distribution_name": "expon", "distribution_params": [{"value": 303.3409517894735}, {"value": 0.065}, {"value": 1810.649}]}, {"resource_id": "Purchasing Agent-000003", "distribution_name": "gamma", "distribution_params": [{"value": 285.5700567903928}, {"value": 80073.78475138187}, {"value": 0.026}, {"value": 1561.965}]}, {"resource_id": "Purchasing Agent-000004", "distribution_name": "lognorm", "distribution_params": [{"value": 281.49631677375544}, {"value": 97586.99721202912}, {"value": 0.715}, {"value": 2482.912000999997}]}, {"resource_id": "Purchasing Agent-000005", "distribution_name": "gamma", "distribution_params": [{"value": 323.8035612025316}, {"value": 86308.84630551387}, {"value": 1.677}, {"value": 1646.398}]}, {"resource_id": "Purchasing Agent-000006", "distribution_name": "expon", "distribution_params": [{"value": 313.6617991353712}, {"value": 0.201}, {"value": 2076.773}]}, {"resource_id": "Purchasing Agent-000007", "distribution_name": "expon", "distribution_params": [{"value": 323.81855130769225}, {"value": 1.655}, {"value": 1852.536}]}, {"resource_id": "Purchasing Agent-000008", "distribution_name": "gamma", "distribution_params": [{"value": 290.30273113679243}, {"value": 75794.50238939177}, {"value": 2.265}, {"value": 1648.077}]}, {"resource_id": "Purchasing Agent-000009", "distribution_name": "expon", "distribution_params": [{"value": 338.4316131810699}, {"value": 0.892}, {"value": 2551.517}]}, {"resource_id": "Purchasing Agent-000010", "distribution_name": "gamma", "distribution_params": [{"value": 70.28574147804882}, {"value": 23621.643486305566}, {"value": 0.0}, {"value": 775.102}]}, {"resource_id": "Purchasing Agent-000011", "distribution_name": "gamma", "distribution_params": [{"value": 301.3554159873948}, {"value": 88744.05262259557}, {"value": 1.858}, {"value": 1753.788}]}, {"resource_id": "Purchasing Agent-000012", "distribution_name": "expon", "distribution_params": [{"value": 320.67329572373535}, {"value": 0.755}, {"value": 2059.335}]}, {"resource_id": "Purchasing Agent-000013", "distribution_name": "expon", "distribution_params": [{"value": 337.5411822709359}, {"value": 0.922}, {"value": 1480.772}]}, {"resource_id": "Purchasing Agent-000014", "distribution_name": "expon", "distribution_params": [{"value": 304.2580355777775}, {"value": 0.766}, {"value": 1551.266}]}, {"resource_id": "Purchasing Agent-000015", "distribution_name": "gamma", "distribution_params": [{"value": 310.15272000444446}, {"value": 115902.6578588561}, {"value": 0.087}, {"value": 1983.247}]}, {"resource_id": "Purchasing Agent-000016", "distribution_name": "gamma", "distribution_params": [{"value": 324.5237860393013}, {"value": 94490.80676599832}, {"value": 0.945}, {"value": 1621.088}]}, {"resource_id": "Purchasing Agent-000017", "distribution_name": "gamma", "distribution_params": [{"value": 323.10087215068495}, {"value": 107493.76944563327}, {"value": 1.198}, {"value": 1864.731001}]}, {"resource_id": "Purchasing Agent-000018", "distribution_name": "gamma", "distribution_params": [{"value": 76.27195220588234}, {"value": 32782.20769188374}, {"value": 0.0}, {"value": 1201.978}]}, {"resource_id": "Purchasing Agent-000019", "distribution_name": "gamma", "distribution_params": [{"value": 278.19283629646014}, {"value": 83264.47324485378}, {"value": 2.366}, {"value": 1521.108}]}, {"resource_id": "Purchasing Agent-000020", "distribution_name": "expon", "distribution_params": [{"value": 253.1023738918919}, {"value": 1.502}, {"value": 1402.595}]}, {"resource_id": "Purchasing Agent-000021", "distribution_name": "expon", "distribution_params": [{"value": 280.1722522300883}, {"value": 0.083}, {"value": 1605.998}]}, {"resource_id": "Purchasing Agent-000022", "distribution_name": "gamma", "distribution_params": [{"value": 258.70919501000003}, {"value": 64684.52454251283}, {"value": 0.447}, {"value": 1302.35}]}]}, {"task_id": "node31", "resources": [{"resource_id": "Purchasing Agent-000001", "distribution_name": "norm", "distribution_params": [{"value": 33359.432106789456}, {"value": 1608.2495524094668}, {"value": 29967.245000999996}, {"value": 36917.553001}]}, {"resource_id": "Purchasing Agent-000002", "distribution_name": "norm", "distribution_params": [{"value": 33278.59169453845}, {"value": 1520.0349111900132}, {"value": 30644.619001000006}, {"value": 36182.95800399996}]}, {"resource_id": "Purchasing Agent-000003", "distribution_name": "gamma", "distribution_params": [{"value": 34051.56327927776}, {"value": 1836441.9127859725}, {"value": 32253.825000999997}, {"value": 36742.01300100001}]}, {"resource_id": "Purchasing Agent-000004", "distribution_name": "gamma", "distribution_params": [{"value": 33069.715715785715}, {"value": 787956.3185358569}, {"value": 31447.217001000005}, {"value": 34328.522001}]}, {"resource_id": "Purchasing Agent-000005", "distribution_name": "lognorm", "distribution_params": [{"value": 33274.31027445454}, {"value": 2792583.412124947}, {"value": 30444.974001000002}, {"value": 35823.039001000005}]}, {"resource_id": "Purchasing Agent-000006", "distribution_name": "gamma", "distribution_params": [{"value": 33431.06436978947}, {"value": 1721927.1770968505}, {"value": 31368.317000999996}, {"value": 36313.69800399995}]}, {"resource_id": "Purchasing Agent-000007", "distribution_name": "lognorm", "distribution_params": [{"value": 33366.365223944435}, {"value": 1478689.5885213611}, {"value": 30732.465000999997}, {"value": 35071.55000299995}]}, {"resource_id": "Purchasing Agent-000008", "distribution_name": "norm", "distribution_params": [{"value": 33428.16681133333}, {"value": 1571.8184070171183}, {"value": 29690.379001}, {"value": 36285.92600399995}]}, {"resource_id": "Purchasing Agent-000009", "distribution_name": "uniform", "distribution_params": [{"value": 31398.748001000007}, {"value": 34406.69700299995}]}, {"resource_id": "Purchasing Agent-000010", "distribution_name": "uniform", "distribution_params": [{"value": 9.999930625781417e-07}, {"value": 10800.000000999993}]}, {"resource_id": "Purchasing Agent-000011", "distribution_name": "expon", "distribution_params": [{"value": 33199.517216357126}, {"value": 31685.086003999982}, {"value": 35233.415000999994}]}, {"resource_id": "Purchasing Agent-000012", "distribution_name": "lognorm", "distribution_params": [{"value": 33293.52727944444}, {"value": 2231259.512375861}, {"value": 30493.54300299997}, {"value": 35790.863001}]}, {"resource_id": "Purchasing Agent-000013", "distribution_name": "lognorm", "distribution_params": [{"value": 33632.67173493333}, {"value": 2723889.741468611}, {"value": 30955.031001000003}, {"value": 36898.67900299997}]}, {"resource_id": "Purchasing Agent-000014", "distribution_name": "expon", "distribution_params": [{"value": 32772.84313473333}, {"value": 29749.753000999997}, {"value": 37289.069001}]}, {"resource_id": "Purchasing Agent-000015", "distribution_name": "norm", "distribution_params": [{"value": 33616.763119176474}, {"value": 979.3686449952337}, {"value": 31928.504003999988}, {"value": 35952.23800200001}]}, {"resource_id": "Purchasing Agent-000016", "distribution_name": "gamma", "distribution_params": [{"value": 33201.81846284615}, {"value": 2245544.527612263}, {"value": 31481.706001000006}, {"value": 36153.663002}]}, {"resource_id": "Purchasing Agent-000017", "distribution_name": "uniform", "distribution_params": [{"value": 31940.06900199999}, {"value": 34787.400000999995}]}, {"resource_id": "Purchasing Agent-000018", "distribution_name": "uniform", "distribution_params": [{"value": 9.999930625781417e-07}, {"value": 17603.609001000004}]}, {"resource_id": "Purchasing Agent-000019", "distribution_name": "gamma", "distribution_params": [{"value": 33767.24630613043}, {"value": 1647427.941959737}, {"value": 30405.786001999993}, {"value": 36710.131000999994}]}, {"resource_id": "Purchasing Agent-000020", "distribution_name": "lognorm", "distribution_params": [{"value": 32875.158716142854}, {"value": 1851599.154839224}, {"value": 29990.309000999994}, {"value": 35448.652001}]}, {"resource_id": "Purchasing Agent-000021", "distribution_name": "gamma", "distribution_params": [{"value": 33409.55414446427}, {"value": 2675337.1619214904}, {"value": 29697.442000999996}, {"value": 36924.778002999956}]}, {"resource_id": "Purchasing Agent-000022", "distribution_name": "lognorm", "distribution_params": [{"value": 33541.15363305263}, {"value": 2162926.644420268}, {"value": 29533.589002999972}, {"value": 35723.185001}]}]}, {"task_id": "node23", "resources": [{"resource_id": "Purchasing Agent-000001", "distribution_name": "gamma", "distribution_params": [{"value": 11775.949825203788}, {"value": 117785467.24122453}, {"value": 310.999}, {"value": 56733.58500199999}]}, {"resource_id": "Purchasing Agent-000002", "distribution_name": "gamma", "distribution_params": [{"value": 10414.129706124997}, {"value": 111861091.54915348}, {"value": 92.858}, {"value": 75815.44900299999}]}, {"resource_id": "Purchasing Agent-000003", "distribution_name": "expon", "distribution_params": [{"value": 11229.501944716274}, {"value": 53.848}, {"value": 58453.17600200001}]}, {"resource_id": "Purchasing Agent-000004", "distribution_name": "expon", "distribution_params": [{"value": 10264.667836528686}, {"value": 31.897}, {"value": 50920.612001999994}]}, {"resource_id": "Purchasing Agent-000005", "distribution_name": "expon", "distribution_params": [{"value": 10723.370379797412}, {"value": 59.781}, {"value": 63104.52400399995}]}, {"resource_id": "Purchasing Agent-000006", "distribution_name": "gamma", "distribution_params": [{"value": 10996.253582704221}, {"value": 126051757.13633867}, {"value": 1.488}, {"value": 59745.28200200001}]}, {"resource_id": "Purchasing Agent-000007", "distribution_name": "expon", "distribution_params": [{"value": 10458.052945246805}, {"value": 66.352}, {"value": 58223.727003999986}]}, {"resource_id": "Purchasing Agent-000008", "distribution_name": "gamma", "distribution_params": [{"value": 11256.985947856458}, {"value": 128156662.24527061}, {"value": 110.57}, {"value": 55650.90900399996}]}, {"resource_id": "Purchasing Agent-000009", "distribution_name": "expon", "distribution_params": [{"value": 10091.890395681448}, {"value": 17.046}, {"value": 45314.05000299995}]}, {"resource_id": "Purchasing Agent-000010", "distribution_name": "gamma", "distribution_params": [{"value": 2541.635173705626}, {"value": 13419898.414874261}, {"value": 0.0}, {"value": 18000.000001999986}]}, {"resource_id": "Purchasing Agent-000011", "distribution_name": "gamma", "distribution_params": [{"value": 11171.906545120533}, {"value": 107604643.19911282}, {"value": 11.021}, {"value": 54698.32800200001}]}, {"resource_id": "Purchasing Agent-000012", "distribution_name": "lognorm", "distribution_params": [{"value": 9875.277578682606}, {"value": 124902048.25666866}, {"value": 110.727}, {"value": 87009.93600499997}]}, {"resource_id": "Purchasing Agent-000013", "distribution_name": "gamma", "distribution_params": [{"value": 10867.119738302219}, {"value": 141808199.64000562}, {"value": 35.619}, {"value": 77557.02700499998}]}, {"resource_id": "Purchasing Agent-000014", "distribution_name": "gamma", "distribution_params": [{"value": 11713.735570598128}, {"value": 148944124.83968714}, {"value": 99.4}, {"value": 85863.64700299999}]}, {"resource_id": "Purchasing Agent-000015", "distribution_name": "expon", "distribution_params": [{"value": 10391.688631459223}, {"value": 5.841}, {"value": 50177.046003999945}]}, {"resource_id": "Purchasing Agent-000016", "distribution_name": "gamma", "distribution_params": [{"value": 10659.004912686187}, {"value": 97396707.54785411}, {"value": 70.727}, {"value": 49854.639004}]}, {"resource_id": "Purchasing Agent-000017", "distribution_name": "expon", "distribution_params": [{"value": 11906.897478227675}, {"value": 65.64}, {"value": 90070.89900299997}]}, {"resource_id": "Purchasing Agent-000018", "distribution_name": "gamma", "distribution_params": [{"value": 1964.5250205179257}, {"value": 11763777.042313127}, {"value": 0.0}, {"value": 21600.000001999986}]}, {"resource_id": "Purchasing Agent-000019", "distribution_name": "expon", "distribution_params": [{"value": 10850.448394896712}, {"value": 12.931000000000001}, {"value": 60078.238003999984}]}, {"resource_id": "Purchasing Agent-000020", "distribution_name": "gamma", "distribution_params": [{"value": 10581.324309968606}, {"value": 112928374.28600268}, {"value": 9.367}, {"value": 57165.14200199999}]}, {"resource_id": "Purchasing Agent-000021", "distribution_name": "expon", "distribution_params": [{"value": 10018.691252822426}, {"value": 62.138}, {"value": 46022.47300299996}]}, {"resource_id": "Purchasing Agent-000022", "distribution_name": "expon", "distribution_params": [{"value": 11084.730277312497}, {"value": 0.328}, {"value": 54704.242002}]}]}, {"task_id": "node28", "resources": [{"resource_id": "Purchasing Manager-000001", "distribution_name": "expon", "distribution_params": [{"value": 2485.0332401341166}, {"value": 1.6320000000000001}, {"value": 15549.483}]}, {"resource_id": "Purchasing Manager-000002", "distribution_name": "expon", "distribution_params": [{"value": 2589.7872919952147}, {"value": 10.199}, {"value": 14275.503002999962}]}, {"resource_id": "Purchasing Manager-000003", "distribution_name": "expon", "distribution_params": [{"value": 2674.395496556354}, {"value": 1.343}, {"value": 14908.026000999998}]}, {"resource_id": "Purchasing Manager-000004", "distribution_name": "gamma", "distribution_params": [{"value": 2690.8174507132517}, {"value": 7374227.497539507}, {"value": 0.037}, {"value": 16977.816}]}, {"resource_id": "Purchasing Manager-000005", "distribution_name": "expon", "distribution_params": [{"value": 2681.0084386481926}, {"value": 1.3820000000000001}, {"value": 17975.198}]}, {"resource_id": "Purchasing Manager-000006", "distribution_name": "gamma", "distribution_params": [{"value": 2648.965600146987}, {"value": 7635970.800319009}, {"value": 24.754}, {"value": 18336.936}]}, {"resource_id": "Purchasing Manager-000007", "distribution_name": "gamma", "distribution_params": [{"value": 2846.037973586956}, {"value": 8707831.406683244}, {"value": 3.038}, {"value": 18892.011001}]}, {"resource_id": "Purchasing Manager-000008", "distribution_name": "gamma", "distribution_params": [{"value": 2645.3016755536987}, {"value": 7917559.590081384}, {"value": 5.273}, {"value": 18858.637001000003}]}, {"resource_id": "Purchasing Manager-000009", "distribution_name": "expon", "distribution_params": [{"value": 2625.407773384248}, {"value": 1.959}, {"value": 16526.715}]}, {"resource_id": "Purchasing Manager-000010", "distribution_name": "expon", "distribution_params": [{"value": 2637.2799618421045}, {"value": 17.137}, {"value": 17778.423000999996}]}, {"resource_id": "Purchasing Manager-000011", "distribution_name": "gamma", "distribution_params": [{"value": 2865.8388245365845}, {"value": 6583283.461477071}, {"value": 3.254}, {"value": 15712.168001000005}]}, {"resource_id": "Purchasing Manager-000012", "distribution_name": "gamma", "distribution_params": [{"value": 2692.284804944578}, {"value": 6697081.483267677}, {"value": 17.448}, {"value": 13223.95700299996}]}]}, {"task_id": "node15", "resources": [{"resource_id": "Requester Manager-000001", "distribution_name": "norm", "distribution_params": [{"value": 601.4009783889933}, {"value": 192.16970049406635}, {"value": 0.0}, {"value": 899.885}]}, {"resource_id": "Requester Manager-000002", "distribution_name": "uniform", "distribution_params": [{"value": 300.521}, {"value": 899.685}]}, {"resource_id": "Requester Manager-000003", "distribution_name": "norm", "distribution_params": [{"value": 588.5391737113109}, {"value": 189.41078286063836}, {"value": 0.0}, {"value": 899.92}]}]}, {"task_id": "node6", "resources": [{"resource_id": "Requester Manager-000001", "distribution_name": "expon", "distribution_params": [{"value": 360.5688426305181}, {"value": 0.0}, {"value": 2617.871}]}, {"resource_id": "Requester Manager-000002", "distribution_name": "expon", "distribution_params": [{"value": 341.2978057760222}, {"value": 0.1}, {"value": 2318.099}]}, {"resource_id": "Requester Manager-000003", "distribution_name": "expon", "distribution_params": [{"value": 351.6933816512077}, {"value": 0.0}, {"value": 2991.088}]}]}, {"task_id": "node8", "resources": [{"resource_id": "Requester Manager-000001", "distribution_name": "uniform", "distribution_params": [{"value": 0.0}, {"value": 1798.2180029999581}]}, {"resource_id": "Requester Manager-000002", "distribution_name": "uniform", "distribution_params": [{"value": 60.555}, {"value": 1798.2730010000014}]}, {"resource_id": "Requester Manager-000003", "distribution_name": "uniform", "distribution_params": [{"value": 0.0}, {"value": 1799.774}]}]}, {"task_id": "node24", "resources": [{"resource_id": "Requester Manager-000001", "distribution_name": "gamma", "distribution_params": [{"value": 1146.32106542211}, {"value": 89775.54026690283}, {"value": 0.0}, {"value": 1613.929}]}, {"resource_id": "Requester Manager-000002", "distribution_name": "uniform", "distribution_params": [{"value": 721.564}, {"value": 1613.193}]}, {"resource_id": "Requester Manager-000003", "distribution_name": "lognorm", "distribution_params": [{"value": 1144.4174676620366}, {"value": 89828.27735564012}, {"value": 0.0}, {"value": 1608.736}]}]}, {"task_id": "node26", "resources": [{"resource_id": "Requester-000001", "distribution_name": "uniform", "distribution_params": [{"value": 1388.272}, {"value": 1906.4510029999656}]}, {"resource_id": "Requester-000002", "distribution_name": "norm", "distribution_params": [{"value": 1577.4575186666652}, {"value": 353.97541071067275}, {"value": 0.0}, {"value": 1915.476}]}, {"resource_id": "Requester-000003", "distribution_name": "lognorm", "distribution_params": [{"value": 1431.5093104482758}, {"value": 178704.17310672964}, {"value": 163.60899999999992}, {"value": 1906.289}]}, {"resource_id": "Requester-000004", "distribution_name": "norm", "distribution_params": [{"value": 1403.9910000588236}, {"value": 517.0083695060022}, {"value": 0.0}, {"value": 1874.436}]}]}, {"task_id": "node3", "resources": [{"resource_id": "Requester-000001", "distribution_name": "norm", "distribution_params": [{"value": 1172.9211541340521}, {"value": 500.18550055428153}, {"value": 0.0}, {"value": 2037.944}]}, {"resource_id": "Requester-000002", "distribution_name": "norm", "distribution_params": [{"value": 1184.3302326978994}, {"value": 502.4717445727293}, {"value": 0.0}, {"value": 2035.352}]}, {"resource_id": "Requester-000003", "distribution_name": "uniform", "distribution_params": [{"value": 0.0}, {"value": 2039.046}]}, {"resource_id": "Requester-000004", "distribution_name": "uniform", "distribution_params": [{"value": 0.0}, {"value": 2036.12}]}]}, {"task_id": "node7", "resources": [{"resource_id": "Requester-000001", "distribution_name": "fix", "distribution_params": [{"value": 300.0}]}, {"resource_id": "Requester-000002", "distribution_name": "fix", "distribution_params": [{"value": 300.0}]}, {"resource_id": "Requester-000003", "distribution_name": "norm", "distribution_params": [{"value": 263.8307432085602}, {"value": 96.90620600617841}, {"value": 0.0}, {"value": 300.00000299996464}]}, {"resource_id": "Requester-000004", "distribution_name": "norm", "distribution_params": [{"value": 271.4065161736671}, {"value": 86.50806185571776}, {"value": 0.0}, {"value": 300.00000299996464}]}]}, {"task_id": "node29", "resources": [{"resource_id": "Requester-000001", "distribution_name": "uniform", "distribution_params": [{"value": 0.0}, {"value": 1799.721}]}, {"resource_id": "Requester-000002", "distribution_name": "uniform", "distribution_params": [{"value": 0.0}, {"value": 1799.909}]}, {"resource_id": "Requester-000003", "distribution_name": "norm", "distribution_params": [{"value": 752.7121874914424}, {"value": 542.2348184642356}, {"value": 0.0}, {"value": 1799.966}]}, {"resource_id": "Requester-000004", "distribution_name": "uniform", "distribution_params": [{"value": 0.0}, {"value": 1799.482001000004}]}]}, {"task_id": "node22", "resources": [{"resource_id": "Requester-000001", "distribution_name": "norm", "distribution_params": [{"value": 578.3156537677419}, {"value": 277.0974533213311}, {"value": 0.0}, {"value": 1503.815}]}, {"resource_id": "Requester-000002", "distribution_name": "norm", "distribution_params": [{"value": 579.2174912675436}, {"value": 280.74758626055495}, {"value": 0.0}, {"value": 1351.613}]}, {"resource_id": "Requester-000003", "distribution_name": "norm", "distribution_params": [{"value": 513.7655148244575}, {"value": 321.7098851645855}, {"value": 0.0}, {"value": 1747.484}]}, {"resource_id": "Requester-000004", "distribution_name": "norm", "distribution_params": [{"value": 536.9644576572503}, {"value": 307.0278443462045}, {"value": 0.0}, {"value": 1572.059}]}]}, {"task_id": "node4", "resources": [{"resource_id": "Requester-000001", "distribution_name": "fix", "distribution_params": [{"value": 60.0}]}, {"resource_id": "Requester-000002", "distribution_name": "fix", "distribution_params": [{"value": 60.0}]}, {"resource_id": "Requester-000003", "distribution_name": "norm", "distribution_params": [{"value": 52.457804086989384}, {"value": 19.857777344676173}, {"value": 0.0}, {"value": 60.000002999964636}]}, {"resource_id": "Requester-000004", "distribution_name": "norm", "distribution_params": [{"value": 54.42459031864163}, {"value": 17.35811563626928}, {"value": 0.0}, {"value": 60.00000100000034}]}]}, {"task_id": "node9", "resources": [{"resource_id": "Supplier-000001", "distribution_name": "expon", "distribution_params": [{"value": 590.6412072291998}, {"value": 0.344}, {"value": 4802.352}]}]}], "model_type": "CRISP", "granule_size": {"value": 60, "time_unit": "MINUTES"}}