case_id,Resource,role,Activity,FixedCost,ResourceCost,__start_time,end_time,__AssignedTime
0,DIO,DIO,A,0.0,0.0,2012-03-21T06:00:00.000,2012-03-21 06:05:00+00:00,2012-03-21T06:00:00.000
0,DIO,DIO,B,0.0,0.0,2012-03-21T06:05:00.000,2012-03-21 06:10:00+00:00,2012-03-21T06:05:00.000
0,DIO,DIO,F,0.0,0.0,2012-03-21T06:10:00.000,2012-03-21 06:15:00+00:00,2012-03-21T06:10:00.000
0,Pucci,Pucci,G,0.0,0.0,2012-03-21T06:15:00.000,2012-03-21 06:20:00+00:00,2012-03-21T06:15:00.000
0,Pucci,Pucci,H,0.0,0.0,2012-03-21T06:20:00.000,2012-03-21 06:25:00+00:00,2012-03-21T06:20:00.000
0,Giorno,Giorno,I,0.0,0.0,2012-03-21T06:25:00.000,2012-03-21 06:30:00+00:00,2012-03-21T06:25:00.000
0,Giorno,Giorno,J,0.0,0.0,2012-03-21T06:30:00.000,2012-03-21 06:35:00+00:00,2012-03-21T06:30:00.000
0,Jolyne,Jolyne,K,0.0,0.0,2012-03-21T06:35:00.000,2012-03-21 06:40:00+00:00,2012-03-21T06:35:00.000
0,Giorno,Giorno,N,0.0,0.0,2012-03-21T06:40:00.000,2012-03-21 06:45:00+00:00,2012-03-21T06:40:00.000
0,Jolyne,Jolyne,P,0.0,0.0,2012-03-21T06:45:00.000,2012-03-21 06:50:00+00:00,2012-03-21T06:45:00.000
1,DIO,DIO,A,0.0,0.0,2012-03-21T06:15:00.000,2012-03-21 06:20:00+00:00,2012-03-21T06:15:00.000
1,DIO,DIO,B,0.0,0.0,2012-03-21T06:20:00.000,2012-03-21 06:25:00+00:00,2012-03-21T06:20:00.000
1,DIO,DIO,C,0.0,0.0,2012-03-21T06:25:00.000,2012-03-21 06:30:00+00:00,2012-03-21T06:25:00.000
1,Pucci,Pucci,D,0.0,0.0,2012-03-21T06:30:00.000,2012-03-21 06:35:00+00:00,2012-03-21T06:30:00.000
2,DIO,DIO,A,0.0,0.0,2012-03-21T06:30:00.000,2012-03-21 06:35:00+00:00,2012-03-21T06:30:00.000
2,DIO,DIO,B,0.0,0.0,2012-03-21T06:35:00.000,2012-03-21 06:40:00+00:00,2012-03-21T06:35:00.000
2,DIO,DIO,C,0.0,0.0,2012-03-21T06:40:00.000,2012-03-21 06:45:00+00:00,2012-03-21T06:40:00.000
3,DIO,DIO,A,0.0,0.0,2012-03-21T06:45:00.000,2012-03-21 06:50:00+00:00,2012-03-21T06:45:00.000
3,DIO,DIO,B,0.0,0.0,2012-03-21T06:50:00.000,2012-03-21 06:55:00+00:00,2012-03-21T06:50:00.000
3,DIO,DIO,E,0.0,0.0,2012-03-21T06:55:00.000,2012-03-21 07:00:00+00:00,2012-03-21T06:55:00.000
3,Giorno,Giorno,I,0.0,0.0,2012-03-21T07:00:00.000,2012-03-21 07:05:00+00:00,2012-03-21T07:00:00.000
3,Jolyne,Jolyne,J,0.0,0.0,2012-03-21T07:05:00.000,2012-03-21 07:10:00+00:00,2012-03-21T07:05:00.000
3,Giorno,Giorno,K,0.0,0.0,2012-03-21T07:10:00.000,2012-03-21 07:15:00+00:00,2012-03-21T07:10:00.000
3,Giorno,Giorno,N,0.0,0.0,2012-03-21T07:15:00.000,2012-03-21 07:20:00+00:00,2012-03-21T07:15:00.000
3,Jolyne,Jolyne,P,0.0,0.0,2012-03-21T07:20:00.000,2012-03-21 07:25:00+00:00,2012-03-21T07:20:00.000
4,DIO,DIO,A,0.0,0.0,2012-03-21T07:00:00.000,2012-03-21 07:05:00+00:00,2012-03-21T07:00:00.000
4,DIO,DIO,B,0.0,0.0,2012-03-21T07:05:00.000,2012-03-21 07:10:00+00:00,2012-03-21T07:05:00.000
4,DIO,DIO,F,0.0,0.0,2012-03-21T07:10:00.000,2012-03-21 07:15:00+00:00,2012-03-21T07:10:00.000
4,Pucci,Pucci,G,0.0,0.0,2012-03-21T07:15:00.000,2012-03-21 07:20:00+00:00,2012-03-21T07:15:00.000
4,Pucci,Pucci,H,0.0,0.0,2012-03-21T07:20:00.000,2012-03-21 07:25:00+00:00,2012-03-21T07:20:00.000
5,DIO,DIO,A,0.0,0.0,2012-03-21T07:15:00.000,2012-03-21 07:20:00+00:00,2012-03-21T07:15:00.000
5,DIO,DIO,B,0.0,0.0,2012-03-21T07:20:00.000,2012-03-21 07:25:00+00:00,2012-03-21T07:20:00.000
5,DIO,DIO,F,0.0,0.0,2012-03-21T07:25:00.000,2012-03-21 07:30:00+00:00,2012-03-21T07:25:00.000
5,Pucci,Pucci,G,0.0,0.0,2012-03-21T07:30:00.000,2012-03-21 07:35:00+00:00,2012-03-21T07:30:00.000
5,Pucci,Pucci,H,0.0,0.0,2012-03-21T07:35:00.000,2012-03-21 07:40:00+00:00,2012-03-21T07:35:00.000
5,Jolyne,Jolyne,I,0.0,0.0,2012-03-21T07:40:00.000,2012-03-21 07:45:00+00:00,2012-03-21T07:40:00.000
5,Giorno,Giorno,L,0.0,0.0,2012-03-21T07:45:00.000,2012-03-21 07:50:00+00:00,2012-03-21T07:45:00.000
6,DIO,DIO,A,0.0,0.0,2012-03-21T07:30:00.000,2012-03-21 07:35:00+00:00,2012-03-21T07:30:00.000
6,DIO,DIO,B,0.0,0.0,2012-03-21T07:35:00.000,2012-03-21 07:40:00+00:00,2012-03-21T07:35:00.000
6,DIO,DIO,F,0.0,0.0,2012-03-21T07:40:00.000,2012-03-21 07:45:00+00:00,2012-03-21T07:40:00.000
6,Pucci,Pucci,G,0.0,0.0,2012-03-21T07:45:00.000,2012-03-21 07:50:00+00:00,2012-03-21T07:45:00.000
6,Pucci,Pucci,H,0.0,0.0,2012-03-21T07:50:00.000,2012-03-21 07:55:00+00:00,2012-03-21T07:50:00.000
7,DIO,DIO,A,0.0,0.0,2012-03-21T07:45:00.000,2012-03-21 07:50:00+00:00,2012-03-21T07:45:00.000
7,DIO,DIO,B,0.0,0.0,2012-03-21T07:50:00.000,2012-03-21 07:55:00+00:00,2012-03-21T07:50:00.000
7,DIO,DIO,C,0.0,0.0,2012-03-21T07:55:00.000,2012-03-21 08:00:00+00:00,2012-03-21T07:55:00.000
7,Pucci,Pucci,D,0.0,0.0,2012-03-21T08:00:00.000,2012-03-21 08:05:00+00:00,2012-03-21T08:00:00.000
7,Jonathan,Jonathan,I,0.0,0.0,2012-03-21T08:05:00.000,2012-03-21 08:10:00+00:00,2012-03-21T08:05:00.000
7,Jonathan,Jonathan,J,0.0,0.0,2012-03-21T08:10:00.000,2012-03-21 08:15:00+00:00,2012-03-21T08:10:00.000
7,Jolyne,Jolyne,K,0.0,0.0,2012-03-21T08:15:00.000,2012-03-21 08:20:00+00:00,2012-03-21T08:15:00.000
7,Giorno,Giorno,N,0.0,0.0,2012-03-21T08:20:00.000,2012-03-21 08:25:00+00:00,2012-03-21T08:20:00.000
8,DIO,DIO,A,0.0,0.0,2012-03-21T08:00:00.000,2012-03-21 08:05:00+00:00,2012-03-21T08:00:00.000
8,DIO,DIO,B,0.0,0.0,2012-03-21T08:05:00.000,2012-03-21 08:10:00+00:00,2012-03-21T08:05:00.000
8,DIO,DIO,C,0.0,0.0,2012-03-21T08:10:00.000,2012-03-21 08:15:00+00:00,2012-03-21T08:10:00.000
8,Pucci,Pucci,D,0.0,0.0,2012-03-21T08:15:00.000,2012-03-21 08:20:00+00:00,2012-03-21T08:15:00.000
9,DIO,DIO,A,0.0,0.0,2012-03-21T08:15:00.000,2012-03-21 08:20:00+00:00,2012-03-21T08:15:00.000
9,DIO,DIO,B,0.0,0.0,2012-03-21T08:20:00.000,2012-03-21 08:25:00+00:00,2012-03-21T08:20:00.000
9,DIO,DIO,C,0.0,0.0,2012-03-21T08:25:00.000,2012-03-21 08:30:00+00:00,2012-03-21T08:25:00.000
9,Pucci,Pucci,D,0.0,0.0,2012-03-21T08:30:00.000,2012-03-21 08:35:00+00:00,2012-03-21T08:30:00.000
9,Jonathan,Jonathan,I,0.0,0.0,2012-03-21T08:35:00.000,2012-03-21 08:40:00+00:00,2012-03-21T08:35:00.000
9,Jonathan,Jonathan,J,0.0,0.0,2012-03-21T08:40:00.000,2012-03-21 08:45:00+00:00,2012-03-21T08:40:00.000
9,Jolyne,Jolyne,K,0.0,0.0,2012-03-21T08:45:00.000,2012-03-21 08:50:00+00:00,2012-03-21T08:45:00.000
9,Jolyne,Jolyne,N,0.0,0.0,2012-03-21T08:50:00.000,2012-03-21 08:55:00+00:00,2012-03-21T08:50:00.000
10,DIO,DIO,A,0.0,0.0,2012-03-21T08:30:00.000,2012-03-21 08:35:00+00:00,2012-03-21T08:30:00.000
10,DIO,DIO,B,0.0,0.0,2012-03-21T08:35:00.000,2012-03-21 08:40:00+00:00,2012-03-21T08:35:00.000
10,DIO,DIO,F,0.0,0.0,2012-03-21T08:40:00.000,2012-03-21 08:45:00+00:00,2012-03-21T08:40:00.000
11,DIO,DIO,A,0.0,0.0,2012-03-21T08:45:00.000,2012-03-21 08:50:00+00:00,2012-03-21T08:45:00.000
11,DIO,DIO,B,0.0,0.0,2012-03-21T08:50:00.000,2012-03-21 08:55:00+00:00,2012-03-21T08:50:00.000
11,DIO,DIO,E,0.0,0.0,2012-03-21T08:55:00.000,2012-03-21 09:00:00+00:00,2012-03-21T08:55:00.000
11,Jolyne,Jolyne,I,0.0,0.0,2012-03-21T09:00:00.000,2012-03-21 09:05:00+00:00,2012-03-21T09:00:00.000
11,Giorno,Giorno,L,0.0,0.0,2012-03-21T09:05:00.000,2012-03-21 09:10:00+00:00,2012-03-21T09:05:00.000
12,DIO,DIO,A,0.0,0.0,2012-03-21T09:00:00.000,2012-03-21 09:05:00+00:00,2012-03-21T09:00:00.000
12,DIO,DIO,B,0.0,0.0,2012-03-21T09:05:00.000,2012-03-21 09:10:00+00:00,2012-03-21T09:05:00.000
12,DIO,DIO,E,0.0,0.0,2012-03-21T09:10:00.000,2012-03-21 09:15:00+00:00,2012-03-21T09:10:00.000
12,Jonathan,Jonathan,I,0.0,0.0,2012-03-21T09:15:00.000,2012-03-21 09:20:00+00:00,2012-03-21T09:15:00.000
12,Jolyne,Jolyne,J,0.0,0.0,2012-03-21T09:20:00.000,2012-03-21 09:25:00+00:00,2012-03-21T09:20:00.000
12,Giorno,Giorno,K,0.0,0.0,2012-03-21T09:25:00.000,2012-03-21 09:30:00+00:00,2012-03-21T09:25:00.000
12,Jolyne,Jolyne,N,0.0,0.0,2012-03-21T09:30:00.000,2012-03-21 09:35:00+00:00,2012-03-21T09:30:00.000
12,Giorno,Giorno,P,0.0,0.0,2012-03-21T09:35:00.000,2012-03-21 09:40:00+00:00,2012-03-21T09:35:00.000
13,DIO,DIO,A,0.0,0.0,2012-03-21T09:15:00.000,2012-03-21 09:20:00+00:00,2012-03-21T09:15:00.000
13,DIO,DIO,B,0.0,0.0,2012-03-21T09:20:00.000,2012-03-21 09:25:00+00:00,2012-03-21T09:20:00.000
13,DIO,DIO,F,0.0,0.0,2012-03-21T09:25:00.000,2012-03-21 09:30:00+00:00,2012-03-21T09:25:00.000
14,DIO,DIO,A,0.0,0.0,2012-03-21T09:30:00.000,2012-03-21 09:35:00+00:00,2012-03-21T09:30:00.000
14,DIO,DIO,B,0.0,0.0,2012-03-21T09:35:00.000,2012-03-21 09:40:00+00:00,2012-03-21T09:35:00.000
14,DIO,DIO,C,0.0,0.0,2012-03-21T09:40:00.000,2012-03-21 09:45:00+00:00,2012-03-21T09:40:00.000
14,Pucci,Pucci,D,0.0,0.0,2012-03-21T09:45:00.000,2012-03-21 09:50:00+00:00,2012-03-21T09:45:00.000
14,Jolyne,Jolyne,I,0.0,0.0,2012-03-21T09:50:00.000,2012-03-21 09:55:00+00:00,2012-03-21T09:50:00.000
14,Jolyne,Jolyne,L,0.0,0.0,2012-03-21T09:55:00.000,2012-03-21 10:00:00+00:00,2012-03-21T09:55:00.000
14,Giorno,Giorno,M,0.0,0.0,2012-03-21T10:00:00.000,2012-03-21 10:05:00+00:00,2012-03-21T10:00:00.000
14,Jolyne,Jolyne,N,0.0,0.0,2012-03-21T10:05:00.000,2012-03-21 10:10:00+00:00,2012-03-21T10:05:00.000
14,Jolyne,Jolyne,P,0.0,0.0,2012-03-21T10:10:00.000,2012-03-21 10:15:00+00:00,2012-03-21T10:10:00.000
15,DIO,DIO,A,0.0,0.0,2012-03-21T09:45:00.000,2012-03-21 09:50:00+00:00,2012-03-21T09:45:00.000
15,DIO,DIO,B,0.0,0.0,2012-03-21T09:50:00.000,2012-03-21 09:55:00+00:00,2012-03-21T09:50:00.000
15,DIO,DIO,C,0.0,0.0,2012-03-21T09:55:00.000,2012-03-21 10:00:00+00:00,2012-03-21T09:55:00.000
15,Pucci,Pucci,D,0.0,0.0,2012-03-21T10:00:00.000,2012-03-21 10:05:00+00:00,2012-03-21T10:00:00.000
15,Jonathan,Jonathan,I,0.0,0.0,2012-03-21T10:05:00.000,2012-03-21 10:10:00+00:00,2012-03-21T10:05:00.000
15,Jonathan,Jonathan,L,0.0,0.0,2012-03-21T10:10:00.000,2012-03-21 10:15:00+00:00,2012-03-21T10:10:00.000
15,Jolyne,Jolyne,M,0.0,0.0,2012-03-21T10:15:00.000,2012-03-21 10:20:00+00:00,2012-03-21T10:15:00.000
15,Giorno,Giorno,N,0.0,0.0,2012-03-21T10:20:00.000,2012-03-21 10:25:00+00:00,2012-03-21T10:20:00.000
15,Jolyne,Jolyne,O,0.0,0.0,2012-03-21T10:25:00.000,2012-03-21 10:30:00+00:00,2012-03-21T10:25:00.000
15,Jolyne,Jolyne,I,0.0,0.0,2012-03-21T10:30:00.000,2012-03-21 10:35:00+00:00,2012-03-21T10:30:00.000
15,Jolyne,Jolyne,L,0.0,0.0,2012-03-21T10:35:00.000,2012-03-21 10:40:00+00:00,2012-03-21T10:35:00.000
15,Jolyne,Jolyne,M,0.0,0.0,2012-03-21T10:40:00.000,2012-03-21 10:45:00+00:00,2012-03-21T10:40:00.000
15,Giorno,Giorno,N,0.0,0.0,2012-03-21T10:45:00.000,2012-03-21 10:50:00+00:00,2012-03-21T10:45:00.000
16,DIO,DIO,A,0.0,0.0,2012-03-21T10:00:00.000,2012-03-21 10:05:00+00:00,2012-03-21T10:00:00.000
16,DIO,DIO,B,0.0,0.0,2012-03-21T10:05:00.000,2012-03-21 10:10:00+00:00,2012-03-21T10:05:00.000
16,DIO,DIO,C,0.0,0.0,2012-03-21T10:10:00.000,2012-03-21 10:15:00+00:00,2012-03-21T10:10:00.000
16,Pucci,Pucci,D,0.0,0.0,2012-03-21T10:15:00.000,2012-03-21 10:20:00+00:00,2012-03-21T10:15:00.000
16,Jonathan,Jonathan,I,0.0,0.0,2012-03-21T10:20:00.000,2012-03-21 10:25:00+00:00,2012-03-21T10:20:00.000
16,Jonathan,Jonathan,J,0.0,0.0,2012-03-21T10:25:00.000,2012-03-21 10:30:00+00:00,2012-03-21T10:25:00.000
16,Giorno,Giorno,K,0.0,0.0,2012-03-21T10:30:00.000,2012-03-21 10:35:00+00:00,2012-03-21T10:30:00.000
16,Giorno,Giorno,N,0.0,0.0,2012-03-21T10:35:00.000,2012-03-21 10:40:00+00:00,2012-03-21T10:35:00.000
16,Giorno,Giorno,O,0.0,0.0,2012-03-21T10:40:00.000,2012-03-21 10:45:00+00:00,2012-03-21T10:40:00.000
17,DIO,DIO,A,0.0,0.0,2012-03-21T10:15:00.000,2012-03-21 10:20:00+00:00,2012-03-21T10:15:00.000
17,DIO,DIO,B,0.0,0.0,2012-03-21T10:20:00.000,2012-03-21 10:25:00+00:00,2012-03-21T10:20:00.000
17,DIO,DIO,C,0.0,0.0,2012-03-21T10:25:00.000,2012-03-21 10:30:00+00:00,2012-03-21T10:25:00.000
17,Pucci,Pucci,D,0.0,0.0,2012-03-21T10:30:00.000,2012-03-21 10:35:00+00:00,2012-03-21T10:30:00.000
17,Jonathan,Jonathan,I,0.0,0.0,2012-03-21T10:35:00.000,2012-03-21 10:40:00+00:00,2012-03-21T10:35:00.000
18,DIO,DIO,A,0.0,0.0,2012-03-21T10:30:00.000,2012-03-21 10:35:00+00:00,2012-03-21T10:30:00.000
18,DIO,DIO,B,0.0,0.0,2012-03-21T10:35:00.000,2012-03-21 10:40:00+00:00,2012-03-21T10:35:00.000
18,DIO,DIO,F,0.0,0.0,2012-03-21T10:40:00.000,2012-03-21 10:45:00+00:00,2012-03-21T10:40:00.000
18,Pucci,Pucci,G,0.0,0.0,2012-03-21T10:45:00.000,2012-03-21 10:50:00+00:00,2012-03-21T10:45:00.000
18,Pucci,Pucci,H,0.0,0.0,2012-03-21T10:50:00.000,2012-03-21 10:55:00+00:00,2012-03-21T10:50:00.000
18,Jonathan,Jonathan,I,0.0,0.0,2012-03-21T10:55:00.000,2012-03-21 11:00:00+00:00,2012-03-21T10:55:00.000
19,DIO,DIO,A,0.0,0.0,2012-03-21T10:45:00.000,2012-03-21 10:50:00+00:00,2012-03-21T10:45:00.000
19,DIO,DIO,B,0.0,0.0,2012-03-21T10:50:00.000,2012-03-21 10:55:00+00:00,2012-03-21T10:50:00.000
19,DIO,DIO,F,0.0,0.0,2012-03-21T10:55:00.000,2012-03-21 11:00:00+00:00,2012-03-21T10:55:00.000
19,Pucci,Pucci,G,0.0,0.0,2012-03-21T11:00:00.000,2012-03-21 11:05:00+00:00,2012-03-21T11:00:00.000
19,Pucci,Pucci,H,0.0,0.0,2012-03-21T11:05:00.000,2012-03-21 11:10:00+00:00,2012-03-21T11:05:00.000
19,Jonathan,Jonathan,I,0.0,0.0,2012-03-21T11:10:00.000,2012-03-21 11:15:00+00:00,2012-03-21T11:10:00.000
19,Jonathan,Jonathan,L,0.0,0.0,2012-03-21T11:15:00.000,2012-03-21 11:20:00+00:00,2012-03-21T11:15:00.000
19,Jonathan,Jonathan,M,0.0,0.0,2012-03-21T11:20:00.000,2012-03-21 11:25:00+00:00,2012-03-21T11:20:00.000
19,Giorno,Giorno,N,0.0,0.0,2012-03-21T11:30:00.000,2012-03-21 11:35:00+00:00,2012-03-21T11:25:00.000
20,DIO,DIO,A,0.0,0.0,2012-03-21T11:00:00.000,2012-03-21 11:05:00+00:00,2012-03-21T11:00:00.000
20,DIO,DIO,B,0.0,0.0,2012-03-21T11:05:00.000,2012-03-21 11:10:00+00:00,2012-03-21T11:05:00.000
20,DIO,DIO,E,0.0,0.0,2012-03-21T11:10:00.000,2012-03-21 11:15:00+00:00,2012-03-21T11:10:00.000
21,DIO,DIO,A,0.0,0.0,2012-03-21T11:15:00.000,2012-03-21 11:20:00+00:00,2012-03-21T11:15:00.000
21,DIO,DIO,B,0.0,0.0,2012-03-21T11:20:00.000,2012-03-21 11:25:00+00:00,2012-03-21T11:20:00.000
21,DIO,DIO,F,0.0,0.0,2012-03-21T11:25:00.000,2012-03-21 11:30:00+00:00,2012-03-21T11:25:00.000
21,Pucci,Pucci,G,0.0,0.0,2012-03-21T11:30:00.000,2012-03-21 11:35:00+00:00,2012-03-21T11:30:00.000
22,DIO,DIO,A,0.0,0.0,2012-03-21T11:30:00.000,2012-03-21 11:35:00+00:00,2012-03-21T11:30:00.000
22,DIO,DIO,B,0.0,0.0,2012-03-21T11:35:00.000,2012-03-21 11:40:00+00:00,2012-03-21T11:35:00.000
22,DIO,DIO,F,0.0,0.0,2012-03-21T11:40:00.000,2012-03-21 11:45:00+00:00,2012-03-21T11:40:00.000
22,Pucci,Pucci,G,0.0,0.0,2012-03-21T11:45:00.000,2012-03-21 11:50:00+00:00,2012-03-21T11:45:00.000
22,Pucci,Pucci,H,0.0,0.0,2012-03-21T11:50:00.000,2012-03-21 11:55:00+00:00,2012-03-21T11:50:00.000
22,Jonathan,Jonathan,I,0.0,0.0,2012-03-21T11:55:00.000,2012-03-21 12:00:00+00:00,2012-03-21T11:55:00.000
22,Jonathan,Jonathan,L,0.0,0.0,2012-03-21T12:00:00.000,2012-03-21 12:05:00+00:00,2012-03-21T12:00:00.000
22,Jolyne,Jolyne,M,0.0,0.0,2012-03-21T12:05:00.000,2012-03-21 12:10:00+00:00,2012-03-21T12:05:00.000
22,Giorno,Giorno,N,0.0,0.0,2012-03-21T12:10:00.000,2012-03-21 12:15:00+00:00,2012-03-21T12:10:00.000
22,Jonathan,Jonathan,P,0.0,0.0,2012-03-21T12:15:00.000,2012-03-21 12:20:00+00:00,2012-03-21T12:15:00.000
23,DIO,DIO,A,0.0,0.0,2012-03-21T11:45:00.000,2012-03-21 11:50:00+00:00,2012-03-21T11:45:00.000
23,DIO,DIO,B,0.0,0.0,2012-03-21T11:50:00.000,2012-03-21 11:55:00+00:00,2012-03-21T11:50:00.000
23,DIO,DIO,F,0.0,0.0,2012-03-21T11:55:00.000,2012-03-21 12:00:00+00:00,2012-03-21T11:55:00.000
24,DIO,DIO,A,0.0,0.0,2012-03-21T12:00:00.000,2012-03-21 12:05:00+00:00,2012-03-21T12:00:00.000
24,DIO,DIO,B,0.0,0.0,2012-03-21T12:05:00.000,2012-03-21 12:10:00+00:00,2012-03-21T12:05:00.000
24,DIO,DIO,E,0.0,0.0,2012-03-21T12:10:00.000,2012-03-21 12:15:00+00:00,2012-03-21T12:10:00.000
24,Jolyne,Jolyne,I,0.0,0.0,2012-03-21T12:20:00.000,2012-03-21 12:25:00+00:00,2012-03-21T12:15:00.000
24,Giorno,Giorno,L,0.0,0.0,2012-03-21T12:30:00.000,2012-03-21 12:35:00+00:00,2012-03-21T12:25:00.000
24,Jolyne,Jolyne,M,0.0,0.0,2012-03-21T12:35:00.000,2012-03-21 12:40:00+00:00,2012-03-21T12:35:00.000
25,DIO,DIO,A,0.0,0.0,2012-03-21T12:15:00.000,2012-03-21 12:20:00+00:00,2012-03-21T12:15:00.000
25,DIO,DIO,B,0.0,0.0,2012-03-21T12:20:00.000,2012-03-21 12:25:00+00:00,2012-03-21T12:20:00.000
25,DIO,DIO,F,0.0,0.0,2012-03-21T12:25:00.000,2012-03-21 12:30:00+00:00,2012-03-21T12:25:00.000
26,DIO,DIO,A,0.0,0.0,2012-03-21T12:30:00.000,2012-03-21 12:35:00+00:00,2012-03-21T12:30:00.000
26,DIO,DIO,B,0.0,0.0,2012-03-21T12:35:00.000,2012-03-21 12:40:00+00:00,2012-03-21T12:35:00.000
26,DIO,DIO,F,0.0,0.0,2012-03-21T12:40:00.000,2012-03-21 12:45:00+00:00,2012-03-21T12:40:00.000
26,Pucci,Pucci,G,0.0,0.0,2012-03-21T12:45:00.000,2012-03-21 12:50:00+00:00,2012-03-21T12:45:00.000
26,Pucci,Pucci,H,0.0,0.0,2012-03-21T12:50:00.000,2012-03-21 12:55:00+00:00,2012-03-21T12:50:00.000
26,Giorno,Giorno,I,0.0,0.0,2012-03-21T13:00:00.000,2012-03-21 13:05:00+00:00,2012-03-21T12:55:00.000
26,Jolyne,Jolyne,L,0.0,0.0,2012-03-21T13:10:00.000,2012-03-21 13:15:00+00:00,2012-03-21T13:05:00.000
26,Giorno,Giorno,M,0.0,0.0,2012-03-21T13:20:00.000,2012-03-21 13:25:00+00:00,2012-03-21T13:15:00.000
26,Jonathan,Jonathan,N,0.0,0.0,2012-03-21T13:25:00.000,2012-03-21 13:30:00+00:00,2012-03-21T13:25:00.000
26,Giorno,Giorno,P,0.0,0.0,2012-03-21T13:35:00.000,2012-03-21 13:40:00+00:00,2012-03-21T13:30:00.000
27,DIO,DIO,A,0.0,0.0,2012-03-21T12:45:00.000,2012-03-21 12:50:00+00:00,2012-03-21T12:45:00.000
27,DIO,DIO,B,0.0,0.0,2012-03-21T12:50:00.000,2012-03-21 12:55:00+00:00,2012-03-21T12:50:00.000
27,DIO,DIO,F,0.0,0.0,2012-03-21T12:55:00.000,2012-03-21 13:00:00+00:00,2012-03-21T12:55:00.000
27,Pucci,Pucci,G,0.0,0.0,2012-03-21T13:00:00.000,2012-03-21 13:05:00+00:00,2012-03-21T13:00:00.000
27,Pucci,Pucci,H,0.0,0.0,2012-03-21T13:05:00.000,2012-03-21 13:10:00+00:00,2012-03-21T13:05:00.000
27,Jonathan,Jonathan,I,0.0,0.0,2012-03-21T13:15:00.000,2012-03-21 13:20:00+00:00,2012-03-21T13:10:00.000
27,Jolyne,Jolyne,L,0.0,0.0,2012-03-21T13:25:00.000,2012-03-21 13:30:00+00:00,2012-03-21T13:20:00.000
27,Jonathan,Jonathan,M,0.0,0.0,2012-03-21T13:30:00.000,2012-03-21 13:35:00+00:00,2012-03-21T13:30:00.000
27,Jonathan,Jonathan,N,0.0,0.0,2012-03-21T13:35:00.000,2012-03-21 13:40:00+00:00,2012-03-21T13:35:00.000
28,DIO,DIO,A,0.0,0.0,2012-03-21T13:00:00.000,2012-03-21 13:05:00+00:00,2012-03-21T13:00:00.000
28,DIO,DIO,B,0.0,0.0,2012-03-21T13:05:00.000,2012-03-21 13:10:00+00:00,2012-03-21T13:05:00.000
28,DIO,DIO,E,0.0,0.0,2012-03-21T13:10:00.000,2012-03-21 13:15:00+00:00,2012-03-21T13:10:00.000
28,Jonathan,Jonathan,I,0.0,0.0,2012-03-21T13:20:00.000,2012-03-21 13:25:00+00:00,2012-03-21T13:15:00.000
29,DIO,DIO,A,0.0,0.0,2012-03-21T13:15:00.000,2012-03-21 13:20:00+00:00,2012-03-21T13:15:00.000
29,DIO,DIO,B,0.0,0.0,2012-03-21T13:20:00.000,2012-03-21 13:25:00+00:00,2012-03-21T13:20:00.000
29,DIO,DIO,C,0.0,0.0,2012-03-21T13:25:00.000,2012-03-21 13:30:00+00:00,2012-03-21T13:25:00.000
29,Pucci,Pucci,D,0.0,0.0,2012-03-21T13:30:00.000,2012-03-21 13:35:00+00:00,2012-03-21T13:30:00.000
29,Giorno,Giorno,I,0.0,0.0,2012-03-21T13:40:00.000,2012-03-21 13:45:00+00:00,2012-03-21T13:35:00.000
30,DIO,DIO,A,0.0,0.0,2012-03-21T13:30:00.000,2012-03-21 13:35:00+00:00,2012-03-21T13:30:00.000
30,DIO,DIO,B,0.0,0.0,2012-03-21T13:35:00.000,2012-03-21 13:40:00+00:00,2012-03-21T13:35:00.000
30,DIO,DIO,F,0.0,0.0,2012-03-21T13:40:00.000,2012-03-21 13:45:00+00:00,2012-03-21T13:40:00.000
30,Pucci,Pucci,G,0.0,0.0,2012-03-21T13:45:00.000,2012-03-21 13:50:00+00:00,2012-03-21T13:45:00.000
30,Pucci,Pucci,H,0.0,0.0,2012-03-21T13:50:00.000,2012-03-21 13:55:00+00:00,2012-03-21T13:50:00.000
31,DIO,DIO,A,0.0,0.0,2012-03-21T13:45:00.000,2012-03-21 13:50:00+00:00,2012-03-21T13:45:00.000
31,DIO,DIO,B,0.0,0.0,2012-03-21T13:50:00.000,2012-03-21 13:55:00+00:00,2012-03-21T13:50:00.000
31,DIO,DIO,E,0.0,0.0,2012-03-21T13:55:00.000,2012-03-21 14:00:00+00:00,2012-03-21T13:55:00.000
31,Jonathan,Jonathan,I,0.0,0.0,2012-03-21T14:00:00.000,2012-03-21 14:05:00+00:00,2012-03-21T14:00:00.000
31,Giorno,Giorno,J,0.0,0.0,2012-03-21T14:05:00.000,2012-03-21 14:10:00+00:00,2012-03-21T14:05:00.000
32,DIO,DIO,A,0.0,0.0,2012-03-21T14:00:00.000,2012-03-21 14:05:00+00:00,2012-03-21T14:00:00.000
32,DIO,DIO,B,0.0,0.0,2012-03-21T14:05:00.000,2012-03-21 14:10:00+00:00,2012-03-21T14:05:00.000
32,DIO,DIO,C,0.0,0.0,2012-03-21T14:10:00.000,2012-03-21 14:15:00+00:00,2012-03-21T14:10:00.000
32,Pucci,Pucci,D,0.0,0.0,2012-03-21T14:15:00.000,2012-03-21 14:20:00+00:00,2012-03-21T14:15:00.000
32,Jolyne,Jolyne,I,0.0,0.0,2012-03-21T14:20:00.000,2012-03-21 14:25:00+00:00,2012-03-21T14:20:00.000
32,Giorno,Giorno,L,0.0,0.0,2012-03-21T14:25:00.000,2012-03-21 14:30:00+00:00,2012-03-21T14:25:00.000
32,Giorno,Giorno,M,0.0,0.0,2012-03-21T14:30:00.000,2012-03-21 14:35:00+00:00,2012-03-21T14:30:00.000
32,Jolyne,Jolyne,N,0.0,0.0,2012-03-21T14:35:00.000,2012-03-21 14:40:00+00:00,2012-03-21T14:35:00.000
33,DIO,DIO,A,0.0,0.0,2012-03-21T14:15:00.000,2012-03-21 14:20:00+00:00,2012-03-21T14:15:00.000
33,DIO,DIO,B,0.0,0.0,2012-03-21T14:20:00.000,2012-03-21 14:25:00+00:00,2012-03-21T14:20:00.000
33,DIO,DIO,E,0.0,0.0,2012-03-21T14:25:00.000,2012-03-21 14:30:00+00:00,2012-03-21T14:25:00.000
33,Jolyne,Jolyne,I,0.0,0.0,2012-03-21T14:30:00.000,2012-03-21 14:35:00+00:00,2012-03-21T14:30:00.000
33,Giorno,Giorno,J,0.0,0.0,2012-03-21T14:35:00.000,2012-03-21 14:40:00+00:00,2012-03-21T14:35:00.000
34,DIO,DIO,A,0.0,0.0,2012-03-21T14:30:00.000,2012-03-21 14:35:00+00:00,2012-03-21T14:30:00.000
34,DIO,DIO,B,0.0,0.0,2012-03-21T14:35:00.000,2012-03-21 14:40:00+00:00,2012-03-21T14:35:00.000
34,DIO,DIO,F,0.0,0.0,2012-03-21T14:40:00.000,2012-03-21 14:45:00+00:00,2012-03-21T14:40:00.000
35,DIO,DIO,A,0.0,0.0,2012-03-21T14:45:00.000,2012-03-21 14:50:00+00:00,2012-03-21T14:45:00.000
35,DIO,DIO,B,0.0,0.0,2012-03-21T14:50:00.000,2012-03-21 14:55:00+00:00,2012-03-21T14:50:00.000
35,DIO,DIO,C,0.0,0.0,2012-03-21T14:55:00.000,2012-03-21 15:00:00+00:00,2012-03-21T14:55:00.000
35,Pucci,Pucci,D,0.0,0.0,2012-03-21T15:00:00.000,2012-03-21 15:05:00+00:00,2012-03-21T15:00:00.000
35,Jolyne,Jolyne,I,0.0,0.0,2012-03-21T15:05:00.000,2012-03-21 15:10:00+00:00,2012-03-21T15:05:00.000
35,Jolyne,Jolyne,L,0.0,0.0,2012-03-21T15:10:00.000,2012-03-21 15:15:00+00:00,2012-03-21T15:10:00.000
35,Giorno,Giorno,M,0.0,0.0,2012-03-21T15:15:00.000,2012-03-21 15:20:00+00:00,2012-03-21T15:15:00.000
36,DIO,DIO,A,0.0,0.0,2012-03-21T15:00:00.000,2012-03-21 15:05:00+00:00,2012-03-21T15:00:00.000
36,DIO,DIO,B,0.0,0.0,2012-03-21T15:05:00.000,2012-03-21 15:10:00+00:00,2012-03-21T15:05:00.000
36,DIO,DIO,E,0.0,0.0,2012-03-21T15:10:00.000,2012-03-21 15:15:00+00:00,2012-03-21T15:10:00.000
36,Jonathan,Jonathan,I,0.0,0.0,2012-03-21T15:15:00.000,2012-03-21 15:20:00+00:00,2012-03-21T15:15:00.000
37,DIO,DIO,A,0.0,0.0,2012-03-21T15:15:00.000,2012-03-21 15:20:00+00:00,2012-03-21T15:15:00.000
37,DIO,DIO,B,0.0,0.0,2012-03-21T15:20:00.000,2012-03-21 15:25:00+00:00,2012-03-21T15:20:00.000
37,DIO,DIO,E,0.0,0.0,2012-03-21T15:25:00.000,2012-03-21 15:30:00+00:00,2012-03-21T15:25:00.000
38,DIO,DIO,A,0.0,0.0,2012-03-21T15:30:00.000,2012-03-21 15:35:00+00:00,2012-03-21T15:30:00.000
38,DIO,DIO,B,0.0,0.0,2012-03-21T15:35:00.000,2012-03-21 15:40:00+00:00,2012-03-21T15:35:00.000
38,DIO,DIO,C,0.0,0.0,2012-03-21T15:40:00.000,2012-03-21 15:45:00+00:00,2012-03-21T15:40:00.000
38,Pucci,Pucci,D,0.0,0.0,2012-03-21T15:45:00.000,2012-03-21 15:50:00+00:00,2012-03-21T15:45:00.000
38,Jolyne,Jolyne,I,0.0,0.0,2012-03-21T15:50:00.000,2012-03-21 15:55:00+00:00,2012-03-21T15:50:00.000
38,Giorno,Giorno,L,0.0,0.0,2012-03-21T15:55:00.000,2012-03-21 16:00:00+00:00,2012-03-21T15:55:00.000
38,Giorno,Giorno,M,0.0,0.0,2012-03-21T16:00:00.000,2012-03-21 16:05:00+00:00,2012-03-21T16:00:00.000
38,Giorno,Giorno,N,0.0,0.0,2012-03-21T16:05:00.000,2012-03-21 16:10:00+00:00,2012-03-21T16:05:00.000
39,DIO,DIO,A,0.0,0.0,2012-03-21T15:45:00.000,2012-03-21 15:50:00+00:00,2012-03-21T15:45:00.000
39,DIO,DIO,B,0.0,0.0,2012-03-21T15:50:00.000,2012-03-21 15:55:00+00:00,2012-03-21T15:50:00.000
39,DIO,DIO,F,0.0,0.0,2012-03-21T15:55:00.000,2012-03-21 16:00:00+00:00,2012-03-21T15:55:00.000
39,Pucci,Pucci,G,0.0,0.0,2012-03-21T16:00:00.000,2012-03-21 16:05:00+00:00,2012-03-21T16:00:00.000
39,Pucci,Pucci,H,0.0,0.0,2012-03-21T16:05:00.000,2012-03-21 16:10:00+00:00,2012-03-21T16:05:00.000
39,Giorno,Giorno,I,0.0,0.0,2012-03-21T16:10:00.000,2012-03-21 16:15:00+00:00,2012-03-21T16:10:00.000
39,Giorno,Giorno,J,0.0,0.0,2012-03-21T16:15:00.000,2012-03-21 16:20:00+00:00,2012-03-21T16:15:00.000
39,Giorno,Giorno,K,0.0,0.0,2012-03-21T16:20:00.000,2012-03-21 16:25:00+00:00,2012-03-21T16:20:00.000
39,Jolyne,Jolyne,N,0.0,0.0,2012-03-21T16:25:00.000,2012-03-21 16:30:00+00:00,2012-03-21T16:25:00.000
39,Giorno,Giorno,O,0.0,0.0,2012-03-21T16:30:00.000,2012-03-21 16:35:00+00:00,2012-03-21T16:30:00.000
39,Giorno,Giorno,I,0.0,0.0,2012-03-21T16:35:00.000,2012-03-21 16:40:00+00:00,2012-03-21T16:35:00.000
40,DIO,DIO,A,0.0,0.0,2012-03-21T16:00:00.000,2012-03-21 16:05:00+00:00,2012-03-21T16:00:00.000
40,DIO,DIO,B,0.0,0.0,2012-03-21T16:05:00.000,2012-03-21 16:10:00+00:00,2012-03-21T16:05:00.000
40,DIO,DIO,F,0.0,0.0,2012-03-21T16:10:00.000,2012-03-21 16:15:00+00:00,2012-03-21T16:10:00.000
40,Pucci,Pucci,G,0.0,0.0,2012-03-21T16:15:00.000,2012-03-21 16:20:00+00:00,2012-03-21T16:15:00.000
40,Pucci,Pucci,H,0.0,0.0,2012-03-21T16:20:00.000,2012-03-21 16:25:00+00:00,2012-03-21T16:20:00.000
40,Giorno,Giorno,I,0.0,0.0,2012-03-21T16:25:00.000,2012-03-21 16:30:00+00:00,2012-03-21T16:25:00.000
40,Jolyne,Jolyne,L,0.0,0.0,2012-03-21T16:30:00.000,2012-03-21 16:35:00+00:00,2012-03-21T16:30:00.000
41,DIO,DIO,A,0.0,0.0,2012-03-21T16:15:00.000,2012-03-21 16:20:00+00:00,2012-03-21T16:15:00.000
41,DIO,DIO,B,0.0,0.0,2012-03-21T16:20:00.000,2012-03-21 16:25:00+00:00,2012-03-21T16:20:00.000
41,DIO,DIO,F,0.0,0.0,2012-03-21T16:25:00.000,2012-03-21 16:30:00+00:00,2012-03-21T16:25:00.000
41,Pucci,Pucci,G,0.0,0.0,2012-03-21T16:30:00.000,2012-03-21 16:35:00+00:00,2012-03-21T16:30:00.000
42,DIO,DIO,A,0.0,0.0,2012-03-21T16:30:00.000,2012-03-21 16:35:00+00:00,2012-03-21T16:30:00.000
42,DIO,DIO,B,0.0,0.0,2012-03-21T16:35:00.000,2012-03-21 16:40:00+00:00,2012-03-21T16:35:00.000
42,DIO,DIO,F,0.0,0.0,2012-03-21T16:40:00.000,2012-03-21 16:45:00+00:00,2012-03-21T16:40:00.000
42,Pucci,Pucci,G,0.0,0.0,2012-03-21T16:45:00.000,2012-03-21 16:50:00+00:00,2012-03-21T16:45:00.000
42,Pucci,Pucci,H,0.0,0.0,2012-03-21T16:50:00.000,2012-03-21 16:55:00+00:00,2012-03-21T16:50:00.000
42,Jonathan,Jonathan,I,0.0,0.0,2012-03-21T16:55:00.000,2012-03-21 17:00:00+00:00,2012-03-21T16:55:00.000
43,DIO,DIO,A,0.0,0.0,2012-03-21T16:45:00.000,2012-03-21 16:50:00+00:00,2012-03-21T16:45:00.000
43,DIO,DIO,B,0.0,0.0,2012-03-21T16:50:00.000,2012-03-21 16:55:00+00:00,2012-03-21T16:50:00.000
43,DIO,DIO,E,0.0,0.0,2012-03-21T16:55:00.000,2012-03-21 17:00:00+00:00,2012-03-21T16:55:00.000
43,Giorno,Giorno,I,0.0,0.0,2012-03-21T17:05:00.000,2012-03-21 17:10:00+00:00,2012-03-21T17:00:00.000
43,Jolyne,Jolyne,J,0.0,0.0,2012-03-21T17:10:00.000,2012-03-21 17:15:00+00:00,2012-03-21T17:10:00.000
43,Giorno,Giorno,K,0.0,0.0,2012-03-21T17:15:00.000,2012-03-21 17:20:00+00:00,2012-03-21T17:15:00.000
43,Giorno,Giorno,N,0.0,0.0,2012-03-21T17:20:00.000,2012-03-21 17:25:00+00:00,2012-03-21T17:20:00.000
44,DIO,DIO,A,0.0,0.0,2012-03-21T17:00:00.000,2012-03-21 17:05:00+00:00,2012-03-21T17:00:00.000
44,DIO,DIO,B,0.0,0.0,2012-03-21T17:05:00.000,2012-03-21 17:10:00+00:00,2012-03-21T17:05:00.000
44,DIO,DIO,F,0.0,0.0,2012-03-21T17:10:00.000,2012-03-21 17:15:00+00:00,2012-03-21T17:10:00.000
44,Pucci,Pucci,G,0.0,0.0,2012-03-21T17:15:00.000,2012-03-21 17:20:00+00:00,2012-03-21T17:15:00.000
44,Pucci,Pucci,H,0.0,0.0,2012-03-21T17:20:00.000,2012-03-21 17:25:00+00:00,2012-03-21T17:20:00.000
44,Jonathan,Jonathan,I,0.0,0.0,2012-03-21T17:25:00.000,2012-03-21 17:30:00+00:00,2012-03-21T17:25:00.000
44,Jolyne,Jolyne,L,0.0,0.0,2012-03-21T17:30:00.000,2012-03-21 17:35:00+00:00,2012-03-21T17:30:00.000
44,Giorno,Giorno,M,0.0,0.0,2012-03-21T17:35:00.000,2012-03-21 17:40:00+00:00,2012-03-21T17:35:00.000
45,DIO,DIO,A,0.0,0.0,2012-03-21T17:15:00.000,2012-03-21 17:20:00+00:00,2012-03-21T17:15:00.000
45,DIO,DIO,B,0.0,0.0,2012-03-21T17:20:00.000,2012-03-21 17:25:00+00:00,2012-03-21T17:20:00.000
45,DIO,DIO,F,0.0,0.0,2012-03-21T17:25:00.000,2012-03-21 17:30:00+00:00,2012-03-21T17:25:00.000
45,Pucci,Pucci,G,0.0,0.0,2012-03-21T17:30:00.000,2012-03-21 17:35:00+00:00,2012-03-21T17:30:00.000
45,Pucci,Pucci,H,0.0,0.0,2012-03-21T17:35:00.000,2012-03-21 17:40:00+00:00,2012-03-21T17:35:00.000
45,Jonathan,Jonathan,I,0.0,0.0,2012-03-21T17:40:00.000,2012-03-21 17:45:00+00:00,2012-03-21T17:40:00.000
45,Jonathan,Jonathan,L,0.0,0.0,2012-03-21T17:45:00.000,2012-03-21 17:50:00+00:00,2012-03-21T17:45:00.000
46,DIO,DIO,A,0.0,0.0,2012-03-21T17:30:00.000,2012-03-21 17:35:00+00:00,2012-03-21T17:30:00.000
46,DIO,DIO,B,0.0,0.0,2012-03-21T17:35:00.000,2012-03-21 17:40:00+00:00,2012-03-21T17:35:00.000
46,DIO,DIO,F,0.0,0.0,2012-03-21T17:40:00.000,2012-03-21 17:45:00+00:00,2012-03-21T17:40:00.000
46,Pucci,Pucci,G,0.0,0.0,2012-03-21T17:45:00.000,2012-03-21 17:50:00+00:00,2012-03-21T17:45:00.000
46,Pucci,Pucci,H,0.0,0.0,2012-03-21T17:50:00.000,2012-03-21 17:55:00+00:00,2012-03-21T17:50:00.000
46,Jonathan,Jonathan,I,0.0,0.0,2012-03-21T17:55:00.000,2012-03-21 18:00:00+00:00,2012-03-21T17:55:00.000
46,Jonathan,Jonathan,L,0.0,0.0,2012-03-21T18:00:00.000,2012-03-21 18:05:00+00:00,2012-03-21T18:00:00.000
46,Giorno,Giorno,M,0.0,0.0,2012-03-21T18:05:00.000,2012-03-21 18:10:00+00:00,2012-03-21T18:05:00.000
46,Giorno,Giorno,N,0.0,0.0,2012-03-21T18:10:00.000,2012-03-21 18:15:00+00:00,2012-03-21T18:10:00.000
46,Jonathan,Jonathan,O,0.0,0.0,2012-03-21T18:15:00.000,2012-03-21 18:20:00+00:00,2012-03-21T18:15:00.000
46,Jonathan,Jonathan,I,0.0,0.0,2012-03-21T18:20:00.000,2012-03-21 18:25:00+00:00,2012-03-21T18:20:00.000
46,Jonathan,Jonathan,J,0.0,0.0,2012-03-21T18:25:00.000,2012-03-21 18:30:00+00:00,2012-03-21T18:25:00.000
46,Giorno,Giorno,K,0.0,0.0,2012-03-21T18:30:00.000,2012-03-21 18:35:00+00:00,2012-03-21T18:30:00.000
46,Giorno,Giorno,N,0.0,0.0,2012-03-21T18:35:00.000,2012-03-21 18:40:00+00:00,2012-03-21T18:35:00.000
46,Jolyne,Jolyne,O,0.0,0.0,2012-03-21T18:40:00.000,2012-03-21 18:45:00+00:00,2012-03-21T18:40:00.000
46,Jonathan,Jonathan,I,0.0,0.0,2012-03-21T18:45:00.000,2012-03-21 18:50:00+00:00,2012-03-21T18:45:00.000
47,DIO,DIO,A,0.0,0.0,2012-03-21T17:45:00.000,2012-03-21 17:50:00+00:00,2012-03-21T17:45:00.000
47,DIO,DIO,B,0.0,0.0,2012-03-21T17:50:00.000,2012-03-21 17:55:00+00:00,2012-03-21T17:50:00.000

